match_id,sport,status,dateEvent,startTimestamp,tournament_id,tournament_name,category_id,category_name,season_id,season_name,venue_name,venue_city_name,venue_country_name,homeTeam_id,homeTeam_name,awayTeam_id,awayTeam_name,homeScore_current,awayScore_current
14156559,ice-hockey,finished,2025-11-03,1762117200000,844,AHL,37,USA,78213.0,AHL 25/26,,,,45159,Chicago Wolves,45178,Toronto Marlies,2,4
14156563,ice-hockey,finished,2025-11-03,1762117200000,844,AHL,37,USA,78213.0,AHL 25/26,,,,45160,Grand Rapids Griffins,45174,Rockford Icehogs,6,2
14156562,ice-hockey,finished,2025-11-03,1762117200000,844,AHL,37,USA,78213.0,AHL 25/26,,,,45164,Iowa Wild,45176,Tucson Roadrunners,5,4
14071650,ice-hockey,finished,2025-11-03,1762117200000,9475,WHL,176,Canada,77491.0,WHL 25/26,,,,232724,Edmonton Oil Kings,232727,Swift Current Broncos,8,4
14877569,ice-hockey,finished,2025-11-03,1762117500000,17188,ECHL,37,USA,76854.0,ECHL 25/26,,,,331869,Tulsa Oilers,331871,Wichita Thunder,3,1
14213186,ice-hockey,finished,2025-11-03,1762117500000,1454,OHL,176,Canada,77004.0,OHL 25/26,,,,119586,Kingston Frontenacs,119590,London Knights,1,6
14213188,ice-hockey,finished,2025-11-03,1762117500000,1454,OHL,176,Canada,77004.0,OHL 25/26,,,,119616,Windsor Spitfires,119606,Flint Firebirds,5,2
14877570,ice-hockey,finished,2025-11-03,1762117800000,17188,ECHL,37,USA,76854.0,ECHL 25/26,,,,331960,Wheeling Nailers,331865,Norfolk Admirals,3,2
14200828,ice-hockey,finished,2025-11-03,1762120800000,234,NHL,37,USA,78476.0,NHL 25/26,UBS Arena,"Elmont, NY",USA,3703,New York Islanders,3683,Columbus Blue Jackets,3,2
14835943,ice-hockey,finished,2025-11-03,1762120800000,14285,NCAA Men,37,USA,84239.0,"NCAA, Regular Season 25/26",,,,269302,Dartmouth Big Green,216763,Yale Bulldogs,6,1
14071606,ice-hockey,finished,2025-11-03,1762120800000,9475,WHL,176,Canada,77491.0,WHL 25/26,,,,232718,Brandon Wheat Kings,232721,Calgary Hitmen,1,3
14071860,ice-hockey,finished,2025-11-03,1762121100000,9475,WHL,176,Canada,77491.0,WHL 25/26,,,,232731,Victoria Royals,1102378,Penticton Vees,4,3
14213192,ice-hockey,finished,2025-11-03,1762122600000,1454,OHL,176,Canada,77004.0,OHL 25/26,,,,119608,Saginaw Spirit,204210,Brantford Bulldogs,2,6
14071651,ice-hockey,finished,2025-11-03,1762124400000,9475,WHL,176,Canada,77491.0,WHL 25/26,,,,232726,Medicine Hat Tigers,232884,Tri-City Americans,3,4
14213196,ice-hockey,finished,2025-11-03,1762124700000,1454,OHL,176,Canada,77004.0,OHL 25/26,,,,119598,Oshawa Generals,119600,Ottawa 67's,0,3
14200827,ice-hockey,finished,2025-11-03,1762128000000,234,NHL,37,USA,78476.0,NHL 25/26,Wells Fargo Center,Philadelphia,USA,3699,Philadelphia Flyers,3679,Calgary Flames,1,2
14156567,ice-hockey,finished,2025-11-03,1762128000000,844,AHL,37,USA,78213.0,AHL 25/26,,,,388667,Abbotsford Canucks,374579,Henderson Silver Knights,3,7
14071862,ice-hockey,finished,2025-11-03,1762128000000,9475,WHL,176,Canada,77491.0,WHL 25/26,,,,232733,Vancouver Giants,232732,Prince George Cougars,2,1
14071863,ice-hockey,finished,2025-11-03,1762128000000,9475,WHL,176,Canada,77491.0,WHL 25/26,,,,232722,Wenatchee Wild,232729,Kamloops Blazers,2,6
14200829,ice-hockey,finished,2025-11-03,1762131600000,234,NHL,37,USA,78476.0,NHL 25/26,Honda Center,Anaheim,USA,3675,Anaheim Ducks,3704,New Jersey Devils,4,1
14200833,ice-hockey,finished,2025-11-03,1762131600000,234,NHL,37,USA,78476.0,NHL 25/26,SAP Center at San Jose,San Jose,USA,3696,San Jose Sharks,3685,Detroit Red Wings,2,3
14156564,ice-hockey,finished,2025-11-03,1762131600000,844,AHL,37,USA,78213.0,AHL 25/26,,,,45169,San Diego Gulls,292497,Colorado Eagles,1,3
14221082,ice-hockey,finished,2025-11-03,1762149600000,1141,VHL,101,Russia,78633.0,VHL 25/26,,,,3935,Metallurg Novokuznetsk,78183,Izhstal Izhevsk,1,3
14375215,ice-hockey,finished,2025-11-03,1762153200000,1159,MHL,101,Russia,79945.0,MHL 25/26,,,,231417,HC Taifun U20,79773,SKA-1946 U20,2,6
14375210,ice-hockey,finished,2025-11-03,1762156800000,1159,MHL,101,Russia,79945.0,MHL 25/26,,,,79729,Belye Medvedi U20,170780,Irbis Kazan U20,0,4
14375209,ice-hockey,finished,2025-11-03,1762156800000,1159,MHL,101,Russia,79945.0,MHL 25/26,,,,79727,Avto Yekaterinburg U20,79733,Chaika Nizhny Novgorod U20,1,0
14221083,ice-hockey,finished,2025-11-03,1762156800000,1141,VHL,101,Russia,78633.0,VHL 25/26,,,,550444,Magnitka Magnitogorsk,43853,Ugra Khanty-Mansiysk,4,1
14221081,ice-hockey,finished,2025-11-03,1762156800000,1141,VHL,101,Russia,78633.0,VHL 25/26,,,,78197,Yuzhny Ural Orsk,55171,Rubin Tyumen,1,2
14375211,ice-hockey,finished,2025-11-03,1762164000000,1159,MHL,101,Russia,79945.0,MHL 25/26,,,,79765,Krasnaya Armiya U20,231565,Krylya Sovetov Moscow U20,1,2
14375213,ice-hockey,finished,2025-11-03,1762164000000,1159,MHL,101,Russia,79945.0,MHL 25/26,,,,79755,Mytishchinskie Atlanty U20,79723,Almaz Cherepovets U20,1,2
14375212,ice-hockey,postponed,2025-11-03,1762164000000,1159,MHL,101,Russia,79945.0,MHL 25/26,,,,79753,Spartak Moscow U20,1114920,Spartak MAH Moscow U20,0,0
14221080,ice-hockey,finished,2025-11-03,1762164000000,1141,VHL,101,Russia,78633.0,VHL 25/26,,,,272309,Dynamo-Altay Barnaul,78195,Toros Neftekamsk,1,4
14221085,ice-hockey,finished,2025-11-03,1762164000000,1141,VHL,101,Russia,78633.0,VHL 25/26,,,,78181,SKA-VMF St. Petersburg,78177,Ryazan,5,2
14375214,ice-hockey,finished,2025-11-03,1762167600000,1159,MHL,101,Russia,79945.0,MHL 25/26,,,,231415,Sputnik Almetyevsk U20,425430,Krasnoyarskie Rysi U20,2,1
14141915,ice-hockey,finished,2025-11-03,1762169400000,268,KHL,101,Russia,77998.0,KHL 25/26,Arena Metallurg,Magnitogorsk,Russia,3938,Metallurg Magnitogorsk,227963,Shanghai Dragons,6,1
14221086,ice-hockey,finished,2025-11-03,1762178400000,1141,VHL,101,Russia,78633.0,VHL 25/26,,,,231650,Dinamo St. Petersburg,390342,AKM Tula,5,3
14597295,ice-hockey,finished,2025-11-03,1762178400000,14099,Vysshaya League,1013,Kazakhstan,81900.0,Pro Hockey League 25/26,,,,273493,HC Kulager Petropavlsk,262851,Rudny Gornyak,2,4
14141917,ice-hockey,finished,2025-11-03,1762180200000,268,KHL,101,Russia,77998.0,KHL 25/26,Barys Arena,Astana,Kazakhstan,24985,Barys Astana,3951,Neftekhimik Nizhnekamsk,2,5
14141914,ice-hockey,finished,2025-11-03,1762186200000,268,KHL,101,Russia,77998.0,KHL 25/26,Minsk-Arena,Minsk,Belarus,24983,Dinamo Minsk,3946,CSKA Moscow,2,0
14977820,ice-hockey,finished,2025-11-03,1762192800000,30576,University League,42,Czech Republic,85422.0,University League 25/26,,,,1140438,United Hradec Kralove,1140433,Vse Falcons Prague,4,2
14936119,esports,finished,2025-11-03,1762135200000,16163,IEM,1572,Counter Strike,85013.0,Chengdu 2025,,,,366215,TYLOO,409766,Team Falcons,0,2
14936139,esports,finished,2025-11-03,1762135200000,16163,IEM,1572,Counter Strike,85013.0,Chengdu 2025,,,,364252,FURIA,364370,Lynn Vision,2,0
14936138,esports,finished,2025-11-03,1762144200000,16163,IEM,1572,Counter Strike,85013.0,Chengdu 2025,,,,365248,MOUZ,364396,FaZe,2,0
14936144,esports,finished,2025-11-03,1762144200000,16163,IEM,1572,Counter Strike,85013.0,Chengdu 2025,,,,364399,Vitality,364227,Virtus.pro,2,1
14936120,esports,finished,2025-11-03,1762153200000,16163,IEM,1572,Counter Strike,85013.0,Chengdu 2025,,,,366522,TheMongolz,364395,Heroic,2,1
14936143,esports,finished,2025-11-03,1762156800000,16163,IEM,1572,Counter Strike,85013.0,Chengdu 2025,,,,364397,G2,366416,3DMAX,2,0
14980568,esports,finished,2025-11-03,1762160400000,20941,United21,1572,Counter Strike,85153.0,Season 40 2025,,,,1076173,ALGO Esports,1044755,Wildcard Academy,0,2
14992848,esports,finished,2025-11-03,1762160400000,29756,NODWIN Clutch Series,1572,Counter Strike,85003.0,Season 2 2025,,,,365258,1WIN,1077285,Team Novaq,2,0
14991202,esports,finished,2025-11-03,1762161000000,19104,European Pro League,1572,Counter Strike,84948.0,Regular season 2 2025,,,,555547,K27,515802,WOPA Esport,0,2
14936123,esports,finished,2025-11-03,1762163100000,16163,IEM,1572,Counter Strike,85013.0,Chengdu 2025,,,,364378,Astralis,364232,Natus Vincere,2,1
14936122,esports,finished,2025-11-03,1762164000000,16163,IEM,1572,Counter Strike,85013.0,Chengdu 2025,,,,364477,paiN,364046,Spirit,0,2
15000920,esports,finished,2025-11-03,1762164000000,18891,European Pro League,1570,Dota 2,85778.0,Season 32 2025,,,,503565,Kalmychata,503195,L1ga Team,2,1
14990258,esports,finished,2025-11-03,1762166400000,23645,Exort Series,1572,Counter Strike,84845.0,Season 18 2025,,,,413708,BakS eSports,445549,XI Esport,1,2
14984086,esports,finished,2025-11-03,1762168800000,28353,CIS Battle,1570,Dota 2,85561.0,Season 3 2025,,,,938464,4Pirates,1137075,Most Wanted,1,2
14991135,esports,finished,2025-11-03,1762169400000,19104,European Pro League,1572,Counter Strike,84948.0,Regular season 2 2025,,,,556490,G2 Ares,363868,Tricked,0,2
14988276,esports,finished,2025-11-03,1762170000000,20941,United21,1572,Counter Strike,85153.0,Season 40 2025,,,,1109298,ex-Maestro Esports,505936,Nordix Esport,2,1
14984898,esports,finished,2025-11-03,1762171200000,18720,Winline Insight,1572,Counter Strike,84804.0,Season 9 2025,,,,363958,Sinners,365114,JiJieHao,2,0
14992847,esports,finished,2025-11-03,1762171200000,29756,NODWIN Clutch Series,1572,Counter Strike,85003.0,Season 2 2025,,,,932480,Nuclear TigeRES,423365,ENCE Academy,2,0
14992840,esports,finished,2025-11-03,1762174800000,22286,CCT Europe,1572,Counter Strike,84867.0,Series #10 season 3 2025,,,,408158,ARCRED,523171,ALLINNERS,2,0
14990257,esports,finished,2025-11-03,1762176600000,23645,Exort Series,1572,Counter Strike,84845.0,Season 18 2025,,,,1076173,ALGO Esports,1127382,Vendetta Gaming,2,1
14984085,esports,finished,2025-11-03,1762180200000,28353,CIS Battle,1570,Dota 2,85561.0,Season 3 2025,,,,503565,Kalmychata,938453,Zero Tenacity,0,2
14971550,esports,finished,2025-11-03,1762181100000,16151,ESEA,1572,Counter Strike,84719.0,Europe: Elite Cup #1 season 55 2025,,,,515802,WOPA Esport,1082889,Flame Sharks,1,2
14984897,esports,finished,2025-11-03,1762182000000,18720,Winline Insight,1572,Counter Strike,84804.0,Season 9 2025,,,,1098521,TPuDCATb TPu,378468,Spirit Academy,1,2
14992846,esports,finished,2025-11-03,1762182000000,29756,NODWIN Clutch Series,1572,Counter Strike,85003.0,Season 2 2025,,,,502730,AMKAL ESPORTS,375424,GenOne,0,2
14971548,esports,finished,2025-11-03,1762182900000,16151,ESEA,1572,Counter Strike,84719.0,Europe: Elite Cup #1 season 55 2025,,,,409973,QUAZAR,853775,Fire Flux Esports,0,2
14989383,esports,finished,2025-11-03,1762182900000,23621,Galaxy Battle,1572,Counter Strike,85152.0,Phase 5: Closed Qualifier 2025,,,,1077285,Team Novaq,459756,premdesant,2,1
14872362,esports,finished,2025-11-03,1762183800000,18510,Elisa Open Suomi,1572,Counter Strike,84610.0,Season 11 2025,,,,366213,HAVU,460127,RoundsGG,2,0
14992839,esports,finished,2025-11-03,1762183800000,22286,CCT Europe,1572,Counter Strike,84867.0,Series #10 season 3 2025,,,,365115,Nexus,1136842,VRSoholics,1,0
14990260,esports,finished,2025-11-03,1762187400000,23645,Exort Series,1572,Counter Strike,84845.0,Season 18 2025,,,,363903,Lilmix,1109080,FUT Turkuaz,0,0
14984177,esports,finished,2025-11-03,1762188000000,19068,Champion of Champions Tour,1572,Counter Strike,85563.0,Series #6 season 3 2025,,,,929876,Game Hunters,1123962,Vasco Esports,2,1
15000935,esports,finished,2025-11-03,1762188300000,18891,European Pro League,1570,Dota 2,85778.0,Season 32 2025,,,,507957,Passion UA,503565,Kalmychata,2,0
14984084,esports,finished,2025-11-03,1762189200000,28353,CIS Battle,1570,Dota 2,85561.0,Season 3 2025,,,,365915,Level UP,1137075,Most Wanted,0,2
14731276,esports,finished,2025-11-03,1762192800000,16062,Dust2.dk,1572,Counter Strike,82717.0,Season 30 2025,,,,515802,WOPA Esport,363864,MASONIC,0,0
14872363,esports,finished,2025-11-03,1762192800000,18510,Elisa Open Suomi,1572,Counter Strike,84610.0,Season 11 2025,,,,1111747,CSDIILIT,854627,SIUUUUUU,2,1
14731293,esports,finished,2025-11-03,1762192800000,16062,Dust2.dk,1572,Counter Strike,82717.0,Season 30 2025,,,,1127382,Vendetta Gaming,401490,Linx Legacy Esport,1,0
14992845,esports,finished,2025-11-03,1762192800000,29756,NODWIN Clutch Series,1572,Counter Strike,85003.0,Season 2 2025,,,,1075257,BASEMENT BOYS,853775,Fire Flux Esports,1,2
14992593,esports,finished,2025-11-03,1762193700000,23621,Galaxy Battle,1572,Counter Strike,85152.0,Phase 5: Closed Qualifier 2025,,,,388499,Dynamo Eclot,373753,Young Ninjas,2,0
14992838,esports,finished,2025-11-03,1762194600000,22286,CCT Europe,1572,Counter Strike,84867.0,Series #10 season 3 2025,,,,374115,AaB esport,502730,AMKAL ESPORTS,0,2
14971551,esports,finished,2025-11-03,1762195200000,16151,ESEA,1572,Counter Strike,84719.0,Europe: Elite Cup #1 season 55 2025,,,,1076173,ALGO Esports,932480,Nuclear TigeRES,0,2
15001078,esports,finished,2025-11-03,1762195200000,16151,ESEA,1572,Counter Strike,84212.0,Advanced Europe season 55 2025,,,,385669,MOUZ NXT,409973,QUAZAR,2,1
15001076,esports,finished,2025-11-03,1762195200000,16151,ESEA,1572,Counter Strike,84212.0,Advanced Europe season 55 2025,,,,1090822,Ursa,504212,aimclub,0,0
15001100,esports,finished,2025-11-03,1762195200000,16151,ESEA,1572,Counter Strike,84212.0,Advanced Europe season 55 2025,,,,524118,FORZE Reload,1089543,Mousquetaires,0,0
15001555,esports,finished,2025-11-03,1762195200000,16151,ESEA,1572,Counter Strike,84212.0,Advanced Europe season 55 2025,,,,501294,HyperSpirit,1044755,Wildcard Academy,0,2
14731278,esports,finished,2025-11-03,1762196400000,16062,Dust2.dk,1572,Counter Strike,82717.0,Season 30 2025,,,,515802,WOPA Esport,1087447,HyperioN,0,0
14731282,esports,finished,2025-11-03,1762196400000,16062,Dust2.dk,1572,Counter Strike,82717.0,Season 30 2025,,,,1127382,Vendetta Gaming,445549,XI Esport,0,1
14731281,esports,finished,2025-11-03,1762196400000,16062,Dust2.dk,1572,Counter Strike,82717.0,Season 30 2025,,,,1111609,Preasy Mix,401490,Linx Legacy Esport,1,0
15000934,esports,finished,2025-11-03,1762196400000,18891,European Pro League,1570,Dota 2,85778.0,Season 32 2025,,,,1096565,20Twice,938453,Zero Tenacity,0,2
15001077,esports,finished,2025-11-03,1762198800000,16151,ESEA,1572,Counter Strike,84212.0,Advanced Europe season 55 2025,,,,1136953,DRGN TEAM,1137087,LFO YinYang,2,1
14984176,esports,finished,2025-11-03,1762199100000,19068,Champion of Champions Tour,1572,Counter Strike,85563.0,Series #6 season 3 2025,,,,494696,Dusty Roots,451416,paiN Academy,2,0
14731279,esports,finished,2025-11-03,1762200000000,16062,Dust2.dk,1572,Counter Strike,82717.0,Season 30 2025,,,,1087447,HyperioN,445549,XI Esport,0,1
14731289,esports,finished,2025-11-03,1762200000000,16062,Dust2.dk,1572,Counter Strike,82717.0,Season 30 2025,,,,1127382,Vendetta Gaming,363864,MASONIC,0,1
14731250,esports,finished,2025-11-03,1762200000000,16062,Dust2.dk,1572,Counter Strike,82717.0,Season 30 2025,,,,401490,Linx Legacy Esport,515802,WOPA Esport,0,1
14989388,tennis,finished,2025-11-03,1762117200000,3451,"Knoxville, USA",72,Challenger,80568.0,"ATP Challenger Knoxville, USA Men Singles 2025",Court 2,Knoxville,USA,247801,Tomas Serrano Luis,308080,Shunsuke Mitsui,0,2
14989392,tennis,canceled,2025-11-03,1762117200000,3451,"Knoxville, USA",72,Challenger,80568.0,"ATP Challenger Knoxville, USA Men Singles 2025",Court 2,Knoxville,USA,263674,Justin Boulais,522293,Jack Kennedy,0,0
14980393,tennis,canceled,2025-11-03,1762117800000,30593,UTR PTT Boca Raton Men 09,1843,UTR Men,85460.0,UTR PTT Boca Raton Men 08 2025,Rick Macci Tennis Center - Court 12,"Boca Raton, FL",USA,369177,Jeremy Jin,412643,Luca- Julian Hotze,0,0
14980412,tennis,canceled,2025-11-03,1762117800000,30593,UTR PTT Boca Raton Men 09,1843,UTR Men,85460.0,UTR PTT Boca Raton Men 08 2025,Rick Macci Tennis Center - Court 10,"Boca Raton, FL",USA,393644,Riccardo Trione,379454,Segundo Goity Zapico,0,0
14992691,tennis,finished,2025-11-03,1762117800000,30593,UTR PTT Boca Raton Men 09,1843,UTR Men,85460.0,UTR PTT Boca Raton Men 08 2025,Rick Macci Tennis Center - Court 10,"Boca Raton, FL",USA,393644,Riccardo Trione,1120153,William Freshwater,2,0
14980404,tennis,finished,2025-11-03,1762118100000,30593,UTR PTT Boca Raton Men 09,1843,UTR Men,85460.0,UTR PTT Boca Raton Men 08 2025,Rick Macci Tennis Center - Court 09,"Boca Raton, FL",USA,261737,Gabriele Felline,454954,Simon Myslivec,2,0
14992692,tennis,finished,2025-11-03,1762119900000,30593,UTR PTT Boca Raton Men 09,1843,UTR Men,85460.0,UTR PTT Boca Raton Men 08 2025,Rick Macci Tennis Center - Court 12,"Boca Raton, FL",USA,287457,Richard Mallory,412643,Luca- Julian Hotze,1,2
14990170,tennis,finished,2025-11-03,1762121400000,30386,"ATP Challenger Lima 3, Peru Men Singles",72,Challenger,85080.0,"ATP Challenger Lima 2, Peru Men Singles 2025",Cancha Central,Lima,Peru,1100752,Alessandro Rubini,99377,Mariano Kestelboim,0,2
14991927,tennis,finished,2025-11-03,1762121400000,3451,"Knoxville, USA",72,Challenger,80568.0,"ATP Challenger Knoxville, USA Men Singles 2025",Court 2,Knoxville,USA,243452,Preston Brown,522293,Jack Kennedy,0,2
14989391,tennis,finished,2025-11-03,1762124100000,3451,"Knoxville, USA",72,Challenger,80568.0,"ATP Challenger Knoxville, USA Men Singles 2025",Court 3,Knoxville,USA,232059,Keegan Smith,489834,Andrew Delgado,2,0
14989386,tennis,finished,2025-11-03,1762127400000,3451,"Knoxville, USA",72,Challenger,80568.0,"ATP Challenger Knoxville, USA Men Singles 2025",Court 2,Knoxville,USA,217878,Peter Makk,95259,Strong Kirchheimer,2,0
15000622,tennis,notstarted,2025-11-03,1762131660000,30625,ITF W35 Hamamatsu Women,213,ITF Women,85494.0,2025,,,,205321,Rion Itaya,484894,Yuka Naito,0,0
14977934,tennis,finished,2025-11-03,1762133400000,30589,UTR PTT Hyogo Men 01,1843,UTR Men,85454.0,UTR PTT Saitama Men 03 2025,Court 2,Kakogawa,Japan,319215,Taiyo Hirano,502629,Ryunosuke Kabasawa,2,0
14977946,tennis,finished,2025-11-03,1762133400000,30589,UTR PTT Hyogo Men 01,1843,UTR Men,85454.0,UTR PTT Saitama Men 03 2025,Court 1,Kakogawa,Japan,1141133,Riku Nakamoto,1141134,Ko Fujikawa,2,0
14990227,tennis,finished,2025-11-03,1762135200000,14643,"Matsuyama, Japan",72,Challenger,80588.0,"ATP Challenger Matsuyama, Japan Men Singles 2025",Court 8,Matsuyama,Japan,248232,Takuya Kumasaka,420914,Hayato Matsuoka,2,1
14990228,tennis,finished,2025-11-03,1762135200000,14643,"Matsuyama, Japan",72,Challenger,80588.0,"ATP Challenger Matsuyama, Japan Men Singles 2025",Center Court,Matsuyama,Japan,213427,Yuta Kikuchi,341815,Shunsuke Nakagawa,0,2
14990293,tennis,finished,2025-11-03,1762135200000,14643,"Matsuyama, Japan",72,Challenger,80588.0,"ATP Challenger Matsuyama, Japan Men Singles 2025",Court 6,Matsuyama,Japan,276774,Ryuki Matsuda,491955,Saki Tange,2,0
14990294,tennis,finished,2025-11-03,1762135200000,14643,"Matsuyama, Japan",72,Challenger,80588.0,"ATP Challenger Matsuyama, Japan Men Singles 2025",Court 4,Matsuyama,Japan,215663,Yuki Mochizuki,459208,James Watt,2,1
14977943,tennis,finished,2025-11-03,1762137900000,30589,UTR PTT Hyogo Men 01,1843,UTR Men,85454.0,UTR PTT Saitama Men 03 2025,Court 2,Kakogawa,Japan,425485,Michael Dylan Jimenez,1141129,Yuta Mitsui,1,2
14977947,tennis,finished,2025-11-03,1762138800000,30589,UTR PTT Hyogo Men 01,1843,UTR Men,85454.0,UTR PTT Saitama Men 03 2025,Court 1,Kakogawa,Japan,1046240,Toshiki Karigyo,1141138,Jacob Kailiang Shen,2,0
14990287,tennis,finished,2025-11-03,1762138800000,3181,"Taipei, Chinese Taipei Men Singles",72,Challenger,80576.0,"ATP Challenger Taipei, Chinese Taipei Men Singles 2025",Center Court,Taipei,Chinese Taipei,235930,Michael Vrbensky,215205,Michael Zhu,2,0
14990491,tennis,finished,2025-11-03,1762138800000,3181,"Taipei, Chinese Taipei Men Singles",72,Challenger,80576.0,"ATP Challenger Taipei, Chinese Taipei Men Singles 2025",Show Court,Taipei,Chinese Taipei,203662,Uisung Park,191183,Digvijay Pratap Singh,2,1
14987780,tennis,finished,2025-11-03,1762141800000,14643,"Matsuyama, Japan",72,Challenger,80588.0,"ATP Challenger Matsuyama, Japan Men Singles 2025",Center Court,Matsuyama,Japan,145112,Marc-Andrea Huesler,41054,Sho Katayama,2,0
14987781,tennis,finished,2025-11-03,1762142100000,14643,"Matsuyama, Japan",72,Challenger,80588.0,"ATP Challenger Matsuyama, Japan Men Singles 2025",Court 6,Matsuyama,Japan,213057,Oliver Crawford,372310,Hynek Barton,2,1
14990492,tennis,finished,2025-11-03,1762142400000,14643,"Matsuyama, Japan",72,Challenger,80588.0,"ATP Challenger Matsuyama, Japan Men Singles 2025",Court 4,Matsuyama,Japan,450874,Koki Matsuda,298618,Taiyo Yamanaka,2,1
14977937,tennis,finished,2025-11-03,1762143900000,30589,UTR PTT Hyogo Men 01,1843,UTR Men,85454.0,UTR PTT Saitama Men 03 2025,Court 1,Kakogawa,Japan,452507,Stephen Tomkins,1141130,Genki Fukushima,0,2
14990972,tennis,finished,2025-11-03,1762144500000,3181,"Taipei, Chinese Taipei Men Singles",72,Challenger,80576.0,"ATP Challenger Taipei, Chinese Taipei Men Singles 2025",Center Court,Taipei,Chinese Taipei,191056,S D Prajwal Dev,59984,Wishaya Trongcharoenchaikul,0,0
14977945,tennis,canceled,2025-11-03,1762146000000,30589,UTR PTT Hyogo Men 01,1843,UTR Men,85454.0,UTR PTT Saitama Men 03 2025,Court 1,Kakogawa,Japan,417293,Taki Adachi,82157,Igor Marcondes,0,0
14990795,tennis,finished,2025-11-03,1762146000000,3181,"Taipei, Chinese Taipei Men Singles",72,Challenger,80576.0,"ATP Challenger Taipei, Chinese Taipei Men Singles 2025",Show Court,Taipei,Chinese Taipei,42151,Ji Sung Nam,310619,Takeru Yuzuki,2,0
14977926,tennis,finished,2025-11-03,1762148700000,30589,UTR PTT Hyogo Men 01,1843,UTR Men,85454.0,UTR PTT Saitama Men 03 2025,Court 2,Kakogawa,Japan,486383,Aidan Lam Meng Bart,408252,Zachary Adam-Gedge,1,2
14987785,tennis,finished,2025-11-03,1762148700000,14643,"Matsuyama, Japan",72,Challenger,80588.0,"ATP Challenger Matsuyama, Japan Men Singles 2025",Center Court,Matsuyama,Japan,341820,Henrique Rocha,367815,Kokoro Isomura,2,1
14990265,tennis,finished,2025-11-03,1762148700000,30589,UTR PTT Hyogo Men 01,1843,UTR Men,85454.0,UTR PTT Saitama Men 03 2025,Court 1,Kakogawa,Japan,417293,Taki Adachi,1142021,Ryoma Cogan,2,0
14991799,tennis,finished,2025-11-03,1762149600000,3181,"Taipei, Chinese Taipei Men Singles",72,Challenger,80576.0,"ATP Challenger Taipei, Chinese Taipei Men Singles 2025",Center Court,Taipei,Chinese Taipei,255992,Taisei Ichikawa,163492,Kristjan Tamm,2,0
14990600,tennis,finished,2025-11-03,1762149900000,14643,"Matsuyama, Japan",72,Challenger,80588.0,"ATP Challenger Matsuyama, Japan Men Singles 2025",Court 8,Matsuyama,Japan,275074,Max Basing,460273,Naoya Honda,2,0
14987777,tennis,finished,2025-11-03,1762150800000,14643,"Matsuyama, Japan",72,Challenger,80588.0,"ATP Challenger Matsuyama, Japan Men Singles 2025",Court 4,Matsuyama,Japan,336621,Maximus Jones,239967,Garrett Johns,1,2
14991176,tennis,finished,2025-11-03,1762151700000,3181,"Taipei, Chinese Taipei Men Singles",72,Challenger,80576.0,"ATP Challenger Taipei, Chinese Taipei Men Singles 2025",Court 1,Taipei,Chinese Taipei,418094,Leo Vithoontien,236843,Shinji Hazawa,1,2
14983777,tennis,finished,2025-11-03,1762152300000,14645,"Matsuyama, Japan, Doubles",72,Challenger,80589.0,"ATP Challenger Matsuyama, Japan Men Doubles 2025",Court 6,Matsuyama,Japan,509708,Kusuhara Y / Nakagawa S,520407,Mochizuki Y / Taguchi R,0,2
14991345,tennis,finished,2025-11-03,1762153200000,30462,ITF M15 Heraklion 12 Men,785,ITF Men,85232.0,2025,,,,480587,Gabriel Ghetu,238147,Philip Henning,0,2
14981041,tennis,finished,2025-11-03,1762156800000,30627,UTR PTT Trnava Men 02,1843,UTR Men,85496.0,UTR PTT Hyogo Men 01 2025,TC Empire Trnava - Court 5,Trnava,Slovakia,530869,Cian McDonnell,463252,Jonas Gundacker,0,2
14981043,tennis,finished,2025-11-03,1762156800000,30627,UTR PTT Trnava Men 02,1843,UTR Men,85496.0,UTR PTT Hyogo Men 01 2025,TC EMPIRE TRNAVA - Court 6,Trnava,Slovakia,100083,Zdenek Derkas,394626,Attila Dominik Boros,2,0
14981770,tennis,finished,2025-11-03,1762156800000,30657,UTR PTT Trnava Women 03,1844,UTR Women,85545.0,UTR PTT Trnava Women 02 2025,TC Empire Trnava - Court 4,Trnava,Slovakia,1117670,Nikola Homolkova,1120069,Nela Linhartova,2,1
14981764,tennis,finished,2025-11-03,1762156800000,30657,UTR PTT Trnava Women 03,1844,UTR Women,85545.0,UTR PTT Trnava Women 02 2025,TC Empire Trnava - Court 7,Trnava,Slovakia,1117669,Ana Vilcek,449033,Sara Mlenska,2,0
14987791,tennis,finished,2025-11-03,1762156800000,3181,"Taipei, Chinese Taipei Men Singles",72,Challenger,80576.0,"ATP Challenger Taipei, Chinese Taipei Men Singles 2025",Center Court,Taipei,Chinese Taipei,204330,Tsung-Hao Huang,162144,Evan Zhu,2,0
14981648,tennis,finished,2025-11-03,1762160400000,30656,UTR PTT Carvoeiro Women +H 06,1844,UTR Women,85537.0,UTR PTT Trnava Women 03 2025,Carvoeiro Clube de Tenis - 04. Court Carvoeiro,Carvoeiro,Portugal,302552,Laia Petretic,276797,Valentina Khrebtova,2,0
14981623,tennis,finished,2025-11-03,1762160400000,30656,UTR PTT Carvoeiro Women +H 06,1844,UTR Women,85537.0,UTR PTT Trnava Women 03 2025,Carvoeiro Clube de Tenis - 08. Court Details,Carvoeiro,Portugal,413665,Terezia Perhacova,1126958,Jinte de Boer,2,1
14981574,tennis,finished,2025-11-03,1762160400000,30655,UTR PTT Carvoeiro Men +H 06,1843,UTR Men,85531.0,UTR PTT Trnava Men 02 2025,Carvoeiro Clube de Tenis - 05. Court FredGil,Carvoeiro,Portugal,386753,Bruno Ouvidor,49643,Marshall Tutu,0,2
14981570,tennis,finished,2025-11-03,1762160400000,30655,UTR PTT Carvoeiro Men +H 06,1843,UTR Men,85531.0,UTR PTT Trnava Men 02 2025,Carvoeiro Clube de Tenis - 09. Court Lagoa,Carvoeiro,Portugal,218279,Christopher Bulus,79283,Gergely Madarasz,2,0
14981738,tennis,canceled,2025-11-03,1762161000000,30657,UTR PTT Trnava Women 03,1844,UTR Women,85545.0,UTR PTT Trnava Women 02 2025,TC Empire Trnava - Court 4,Trnava,Slovakia,523601,Aliaksandra Skapets,410231,Vendula Valdmannova,0,0
14987795,tennis,finished,2025-11-03,1762161300000,3181,"Taipei, Chinese Taipei Men Singles",72,Challenger,80576.0,"ATP Challenger Taipei, Chinese Taipei Men Singles 2025",Center Court,Taipei,Chinese Taipei,39711,James Duckworth,48632,Taro Daniel,2,1
14987789,tennis,finished,2025-11-03,1762161300000,3181,"Taipei, Chinese Taipei Men Singles",72,Challenger,80576.0,"ATP Challenger Taipei, Chinese Taipei Men Singles 2025",Court 1,Taipei,Chinese Taipei,339452,James McCabe,115407,Cing-Yang Meng,2,1
14981053,tennis,finished,2025-11-03,1762164000000,30627,UTR PTT Trnava Men 02,1843,UTR Men,85496.0,UTR PTT Hyogo Men 01 2025,TC Empire Trnava - Court 5,Trnava,Slovakia,322991,Janos Fekete,112973,Sebastian Prechtel,2,1
14982552,tennis,canceled,2025-11-03,1762164000000,2496,Metz,3,ATP,67301.0,"ATP Metz, France Men Singles 2025",,,,289146,Giovanni Mpetshi Perricard,238300,Tomas Machac,0,0
14982554,tennis,canceled,2025-11-03,1762164000000,2496,Metz,3,ATP,67301.0,"ATP Metz, France Men Singles 2025",,,,122368,Tallon Griekspoor,187608,Aleksandar Kovacevic,0,0
14981023,tennis,finished,2025-11-03,1762164900000,30627,UTR PTT Trnava Men 02,1843,UTR Men,85496.0,UTR PTT Hyogo Men 01 2025,TC EMPIRE TRNAVA - Court 6,Trnava,Slovakia,217880,Peter Sallay,200185,Daniel De Jonge,0,2
14981747,tennis,finished,2025-11-03,1762164900000,30657,UTR PTT Trnava Women 03,1844,UTR Women,85545.0,UTR PTT Trnava Women 02 2025,TC Empire Trnava - Court 7,Trnava,Slovakia,452616,Adela Polakovicova,228124,Luisa Meyer Auf Der Heide,0,2
14981568,tennis,finished,2025-11-03,1762166100000,30655,UTR PTT Carvoeiro Men +H 06,1843,UTR Men,85531.0,UTR PTT Trnava Men 02 2025,Carvoeiro Clube de Tenis - 09. Court Lagoa,Carvoeiro,Portugal,234275,John Echeverria,169630,Tomas Curras Abasolo,1,2
14991234,tennis,finished,2025-11-03,1762167000000,30657,UTR PTT Trnava Women 03,1844,UTR Women,85545.0,UTR PTT Trnava Women 02 2025,TC Empire Trnava - Court 4,Trnava,Slovakia,350871,Vanda Vargova,410231,Vendula Valdmannova,0,2
14981544,tennis,finished,2025-11-03,1762167600000,30655,UTR PTT Carvoeiro Men +H 06,1843,UTR Men,85531.0,UTR PTT Trnava Men 02 2025,Carvoeiro Clube de Tenis - 05. Court FredGil,Carvoeiro,Portugal,447335,Ander Tarrio Ponte,148948,Raphael Calzi,2,1
14982803,tennis,finished,2025-11-03,1762167600000,2516,"Metz, Doubles",3,ATP,67302.0,"ATP Metz, France Men Doubles 2025",Centre Court,Metz,France,1133433,Arribage T / Olivetti A,1141608,Added D / Paris T,1,2
14982989,tennis,finished,2025-11-03,1762167600000,2516,"Metz, Doubles",3,ATP,67302.0,"ATP Metz, France Men Doubles 2025",Court 1,Metz,France,1121813,Andreozzi G / Guinard M,521302,Paul J / Vocel M,2,1
14981638,tennis,finished,2025-11-03,1762169400000,30656,UTR PTT Carvoeiro Women +H 06,1844,UTR Women,85537.0,UTR PTT Trnava Women 03 2025,Carvoeiro Clube de Tenis - 08. Court Details,Carvoeiro,Portugal,526205,Charlotte Pikkaart,297121,Evita Ramirez,0,2
14991191,tennis,finished,2025-11-03,1762169400000,3610,"Helsinki, Finland",72,Challenger,80570.0,"ATP Challenger Helsinki, Finland Men Singles 2025",Court 6,Helsinki,Finland,208225,Henri Squire,385592,Edas Butvilas,1,2
14991558,tennis,finished,2025-11-03,1762169400000,3610,"Helsinki, Finland",72,Challenger,80570.0,"ATP Challenger Helsinki, Finland Men Singles 2025",CENTER COURT,Helsinki,Finland,340741,Sascha Gueymard Wayenburg,380042,Tom Gentzsch,2,0
14991783,tennis,finished,2025-11-03,1762169400000,3610,"Helsinki, Finland",72,Challenger,80570.0,"ATP Challenger Helsinki, Finland Men Singles 2025",COURT 3,Helsinki,Finland,141882,Geoffrey Blancaneaux,50139,Norbert Gombos,2,0
14981025,tennis,finished,2025-11-03,1762170600000,30627,UTR PTT Trnava Men 02,1843,UTR Men,85496.0,UTR PTT Hyogo Men 01 2025,TC EMPIRE TRNAVA - Court 6,Trnava,Slovakia,416498,Vitalii Hnidets,522246,Jan Klimas,1,2
14981745,tennis,finished,2025-11-03,1762170600000,30657,UTR PTT Trnava Women 03,1844,UTR Women,85545.0,UTR PTT Trnava Women 02 2025,TC Empire Trnava - Court 7,Trnava,Slovakia,387353,Victoria Chramcova,285208,Stella Kovacicova,2,0
14981626,tennis,finished,2025-11-03,1762171200000,30656,UTR PTT Carvoeiro Women +H 06,1844,UTR Women,85537.0,UTR PTT Trnava Women 03 2025,Carvoeiro Clube de Tenis - 04. Court Carvoeiro,Carvoeiro,Portugal,281466,Ashleigh Simes,330686,Thamyrys Nicolle Costa Araujo,2,0
14981553,tennis,canceled,2025-11-03,1762171200000,30655,UTR PTT Carvoeiro Men +H 06,1843,UTR Men,85531.0,UTR PTT Trnava Men 02 2025,Carvoeiro Clube de Tenis - 09. Court Lagoa,Carvoeiro,Portugal,263659,Sam Ryan Ziegann,201850,Rafael Izquierdo Luque,0,0
14982498,tennis,finished,2025-11-03,1762171200000,30488,"ATP Athens, Greece Men Singles",3,ATP,67313.0,"ATP Belgrade, Serbia Men Singles 2025",Center Court,Athens,Greece,49172,Damir Džumhur,275948,Jacob Fearnley,2,0
14989200,tennis,finished,2025-11-03,1762171200000,11865,"WTA Finals, Doubles",6,WTA,67329.0,WTA Finals Women Doubles 2025,Center Court,Riyadh,Saudi Arabia,315001,Errani S / Paolini J,1130531,Hsieh S / Ostapenko J,0,2
14982549,tennis,finished,2025-11-03,1762173000000,2496,Metz,3,ATP,67301.0,"ATP Metz, France Men Singles 2025",Court 1,Metz,France,200777,Ugo Blanchet,412818,Learner Tien,0,2
14981772,tennis,finished,2025-11-03,1762173900000,30657,UTR PTT Trnava Women 03,1844,UTR Women,85545.0,UTR PTT Trnava Women 02 2025,TC Empire Trnava - Court 4,Trnava,Slovakia,424750,Martina Smolenova,452953,Natalia Krockova,0,2
14991875,tennis,finished,2025-11-03,1762174500000,3610,"Helsinki, Finland",72,Challenger,80570.0,"ATP Challenger Helsinki, Finland Men Singles 2025",CENTER COURT,Helsinki,Finland,145108,Remy Bertola,212809,Stuart Parker,1,2
14992082,tennis,finished,2025-11-03,1762174800000,30488,"ATP Athens, Greece Men Singles",3,ATP,67313.0,"ATP Belgrade, Serbia Men Singles 2025",Grandstand,Athens,Greece,288748,Eliot Spizzirri,97231,Laslo Djere,2,1
14992077,tennis,finished,2025-11-03,1762174800000,2496,Metz,3,ATP,67301.0,"ATP Metz, France Men Singles 2025",Centre Court,Metz,France,105607,Jan Choinski,104847,Lorenzo Sonego,1,2
14981035,tennis,finished,2025-11-03,1762175100000,30627,UTR PTT Trnava Men 02,1843,UTR Men,85496.0,UTR PTT Hyogo Men 01 2025,TC Empire Trnava - Court 5,Trnava,Slovakia,382387,Aleksandar Mihailovic,511732,Tomas Talajka,2,1
14981627,tennis,finished,2025-11-03,1762175100000,30656,UTR PTT Carvoeiro Women +H 06,1844,UTR Women,85537.0,UTR PTT Trnava Women 03 2025,Carvoeiro Clube de Tenis - 08. Court Details,Carvoeiro,Portugal,508421,Jelena Vico,1141369,Sarah Olff,1,2
14992033,tennis,finished,2025-11-03,1762175700000,3610,"Helsinki, Finland",72,Challenger,80570.0,"ATP Challenger Helsinki, Finland Men Singles 2025",COURT 3,Helsinki,Finland,96239,Viktor Durasovic,145122,Matteo Martineau,2,1
14981758,tennis,finished,2025-11-03,1762176600000,30657,UTR PTT Trnava Women 03,1844,UTR Women,85545.0,UTR PTT Trnava Women 02 2025,TC Empire Trnava - Court 7,Trnava,Slovakia,483969,Maria Ustic,404443,Andjela Lazarevic,2,1
14982497,tennis,finished,2025-11-03,1762176900000,30488,"ATP Athens, Greece Men Singles",3,ATP,67313.0,"ATP Belgrade, Serbia Men Singles 2025",Center Court,Athens,Greece,198592,Miomir Kecmanovic,108709,Kamil Majchrzak,2,0
14991876,tennis,finished,2025-11-03,1762177200000,3610,"Helsinki, Finland",72,Challenger,80570.0,"ATP Challenger Helsinki, Finland Men Singles 2025",Court 6,Helsinki,Finland,420876,Matej Dodig,348701,Marko Topo,2,1
14981650,tennis,finished,2025-11-03,1762177500000,30656,UTR PTT Carvoeiro Women +H 06,1844,UTR Women,85537.0,UTR PTT Trnava Women 03 2025,Carvoeiro Clube de Tenis - 04. Court Carvoeiro,Carvoeiro,Portugal,415608,Carla Tomai,210545,María Oliver Sánchez,0,2
14981746,tennis,finished,2025-11-03,1762177500000,30657,UTR PTT Trnava Women 03,1844,UTR Women,85545.0,UTR PTT Trnava Women 02 2025,TC Empire Trnava - Court 4,Trnava,Slovakia,205874,Madison Frahn,1141370,Sara Cozma,0,2
14992076,tennis,finished,2025-11-03,1762177800000,2496,Metz,3,ATP,67301.0,"ATP Metz, France Men Singles 2025",Court 1,Metz,France,206602,Clement Tabur,187608,Aleksandar Kovacevic,2,0
14981546,tennis,finished,2025-11-03,1762178400000,30655,UTR PTT Carvoeiro Men +H 06,1843,UTR Men,85531.0,UTR PTT Trnava Men 02 2025,Carvoeiro Clube de Tenis - 09. Court Lagoa,Carvoeiro,Portugal,71950,Sebastian Fanselow,484851,Marcel Volz,2,0
14989201,tennis,finished,2025-11-03,1762178400000,11864,WTA Finals,6,WTA,67328.0,WTA Finals Women Singles 2025,Center Court,Riyadh,Saudi Arabia,228272,Iga Swiatek,186312,Elena Rybakina,1,2
14992762,tennis,finished,2025-11-03,1762178400000,30517,"WTA 125K Tucuman, Argentina Women Singles",871,WTA 125,85290.0,"WTA 125K Tucuman, Argentina Women Singles 2025",Court 1,San Miguel de Tucuman,Argentina,284553,Anastasia Zolotareva,60028,Noelia Zeballos Melgar,2,0
14992758,tennis,finished,2025-11-03,1762178400000,30517,"WTA 125K Tucuman, Argentina Women Singles",871,WTA 125,85290.0,"WTA 125K Tucuman, Argentina Women Singles 2025",Cancha Central,San Miguel de Tucuman,Argentina,45605,Gabriela Cé,378449,Carla Markus,0,2
14981562,tennis,finished,2025-11-03,1762180200000,30655,UTR PTT Carvoeiro Men +H 06,1843,UTR Men,85531.0,UTR PTT Trnava Men 02 2025,Carvoeiro Clube de Tenis - 05. Court FredGil,Carvoeiro,Portugal,392620,Ricardo Ramos,98723,Miguel Semedo,0,2
14981019,tennis,finished,2025-11-03,1762180500000,30627,UTR PTT Trnava Men 02,1843,UTR Men,85496.0,UTR PTT Hyogo Men 01 2025,TC EMPIRE TRNAVA - Court 6,Trnava,Slovakia,60588,Peter Goldsteiner,1079622,Haru Kawanak,2,0
14981637,tennis,finished,2025-11-03,1762181700000,30656,UTR PTT Carvoeiro Women +H 06,1844,UTR Women,85537.0,UTR PTT Trnava Women 03 2025,Carvoeiro Clube de Tenis - 04. Court Carvoeiro,Carvoeiro,Portugal,370700,Anastasiya Kuparev,401341,Iulia Andreea Ionescu,0,2
14980387,tennis,finished,2025-11-03,1762182000000,30593,UTR PTT Boca Raton Men 09,1843,UTR Men,85460.0,UTR PTT Boca Raton Men 08 2025,Rick Macci Tennis Center - Court 10,"Boca Raton, FL",USA,420997,Youssef Kadiri Hassani,333085,Tauheed Browning,2,0
14980385,tennis,finished,2025-11-03,1762182000000,30593,UTR PTT Boca Raton Men 09,1843,UTR Men,85460.0,UTR PTT Boca Raton Men 08 2025,Rick Macci Tennis Center - Court 09,"Boca Raton, FL",USA,1081888,Gabriel Jessup,553684,Hugo Car,0,2
14989096,tennis,canceled,2025-11-03,1762182000000,30414,UTR PTT College Station Men 03,1843,UTR Men,85136.0,UTR PTT College Station Men 02 2025,,,,398856,Ian Bracks,408251,Thomas Nicholas Gadecki,0,0
14992647,tennis,finished,2025-11-03,1762182000000,30386,"ATP Challenger Lima 3, Peru Men Singles",72,Challenger,85080.0,"ATP Challenger Lima 2, Peru Men Singles 2025",Court 5,Lima,Peru,43761,Andrea Collarini,315774,Juan Bautista Torres,0,2
14992648,tennis,finished,2025-11-03,1762182000000,30386,"ATP Challenger Lima 3, Peru Men Singles",72,Challenger,85080.0,"ATP Challenger Lima 2, Peru Men Singles 2025",Cancha Central,Lima,Peru,82133,Murkel Dellien,255418,Guido Ivan Justo,2,1
14992646,tennis,finished,2025-11-03,1762182000000,30386,"ATP Challenger Lima 3, Peru Men Singles",72,Challenger,85080.0,"ATP Challenger Lima 2, Peru Men Singles 2025",Court 6,Lima,Peru,66086,Nicolas Kicker,38180,Facundo Mena,2,1
14992695,tennis,finished,2025-11-03,1762182000000,3451,"Knoxville, USA",72,Challenger,80568.0,"ATP Challenger Knoxville, USA Men Singles 2025",Court 3,Knoxville,USA,231728,Dhakshineswar Suresh,290569,Quinn Vandecasteele,2,1
14992890,tennis,finished,2025-11-03,1762182000000,30593,UTR PTT Boca Raton Men 09,1843,UTR Men,85460.0,UTR PTT Boca Raton Men 08 2025,Rick Macci Tennis Center - Court 12,"Boca Raton, FL",USA,484827,Mihnea Maftei,1141263,Avner Wong,1,2
14992986,tennis,finished,2025-11-03,1762182000000,3451,"Knoxville, USA",72,Challenger,80568.0,"ATP Challenger Knoxville, USA Men Singles 2025",Court 2,Knoxville,USA,300296,Max Wiskandt,385858,Cooper Williams,2,0
14981048,tennis,finished,2025-11-03,1762182300000,30627,UTR PTT Trnava Men 02,1843,UTR Men,85496.0,UTR PTT Hyogo Men 01 2025,TC Empire Trnava - Court 5,Trnava,Slovakia,476512,David Prasievi,237435,Roman Postolka,0,2
14982992,tennis,finished,2025-11-03,1762182600000,2516,"Metz, Doubles",3,ATP,67302.0,"ATP Metz, France Men Doubles 2025",Court 1,Metz,France,286818,Nouza P / Rikl P,1096221,Hidalgo D / Trhac P,2,0
14982512,tennis,finished,2025-11-03,1762183200000,30491,"ATP Athens, Greece Men Doubles",3,ATP,67314.0,"ATP Belgrade, Serbia Men Doubles 2025",Grandstand,Athens,Greece,1129623,Gonzalez S / Pel D,417081,Etcheverry T / Tabilo A,2,1
14992759,tennis,finished,2025-11-03,1762183500000,30517,"WTA 125K Tucuman, Argentina Women Singles",871,WTA 125,85290.0,"WTA 125K Tucuman, Argentina Women Singles 2025",Cancha Central,San Miguel de Tucuman,Argentina,367819,Ana Candiotto,207107,Maria Florencia Urrutia,1,2
14988601,tennis,finished,2025-11-03,1762183800000,3610,"Helsinki, Finland",72,Challenger,80570.0,"ATP Challenger Helsinki, Finland Men Singles 2025",CENTER COURT,Helsinki,Finland,497592,Oskari Paldanius,237188,Giulio Zeppieri,0,2
14992145,tennis,finished,2025-11-03,1762184100000,2496,Metz,3,ATP,67301.0,"ATP Metz, France Men Singles 2025",Centre Court,Metz,France,289146,Giovanni Mpetshi Perricard,100069,Vitaliy Sachko,0,2
14988602,tennis,finished,2025-11-03,1762184400000,3610,"Helsinki, Finland",72,Challenger,80570.0,"ATP Challenger Helsinki, Finland Men Singles 2025",COURT 3,Helsinki,Finland,42152,Stefano Napolitano,187236,Alexis Galarneau,2,1
14991255,tennis,finished,2025-11-03,1762185300000,30655,UTR PTT Carvoeiro Men +H 06,1843,UTR Men,85531.0,UTR PTT Trnava Men 02 2025,Carvoeiro Clube de Tenis - 09. Court Lagoa,Carvoeiro,Portugal,263659,Sam Ryan Ziegann,231568,Samuel de Felipe Garcia,2,0
14992761,tennis,finished,2025-11-03,1762185300000,30517,"WTA 125K Tucuman, Argentina Women Singles",871,WTA 125,85290.0,"WTA 125K Tucuman, Argentina Women Singles 2025",Court 1,San Miguel de Tucuman,Argentina,207365,Gergana Topalova,60650,Berta Bonardi,2,1
14980409,tennis,canceled,2025-11-03,1762185600000,30593,UTR PTT Boca Raton Men 09,1843,UTR Men,85460.0,UTR PTT Boca Raton Men 08 2025,,,,1080956,Alexander Baez,1138494,Paul Colin,0,0
14982496,tennis,finished,2025-11-03,1762185600000,30488,"ATP Athens, Greece Men Singles",3,ATP,67313.0,"ATP Belgrade, Serbia Men Singles 2025",Center Court,Athens,Greece,14548,Stan Wawrinka,102339,Botic Van de Zandschulp,2,1
14989202,tennis,finished,2025-11-03,1762185600000,11864,WTA Finals,6,WTA,67328.0,WTA Finals Women Singles 2025,Center Court,Riyadh,Saudi Arabia,230628,Amanda Anisimova,35424,Madison Keys,2,1
14992983,tennis,finished,2025-11-03,1762185600000,30515,"WTA 125K Austin, USA Women Singles",871,WTA 125,85287.0,"WTA 125K Austin, USA Women Singles 2025",Center Court,"Austin, TX",USA,179300,Claire Liu,289986,Eszter Meri,2,0
14992982,tennis,finished,2025-11-03,1762185600000,30515,"WTA 125K Austin, USA Women Singles",871,WTA 125,85287.0,"WTA 125K Austin, USA Women Singles 2025",Grandstand,"Austin, TX",USA,266221,Lia Karatancheva,108857,Mary Lewis,0,2
14992980,tennis,finished,2025-11-03,1762185600000,30515,"WTA 125K Austin, USA Women Singles",871,WTA 125,85287.0,"WTA 125K Austin, USA Women Singles 2025",Court 1,"Austin, TX",USA,118526,Vivian Wolff,211012,Maria Kozyreva,2,0
14981569,tennis,finished,2025-11-03,1762185900000,30655,UTR PTT Carvoeiro Men +H 06,1843,UTR Men,85531.0,UTR PTT Trnava Men 02 2025,Carvoeiro Clube de Tenis - 05. Court FredGil,Carvoeiro,Portugal,189546,Tiago Cacao,15864,Fred Gil,2,1
14981651,tennis,finished,2025-11-03,1762186800000,30656,UTR PTT Carvoeiro Women +H 06,1844,UTR Women,85537.0,UTR PTT Trnava Women 03 2025,Carvoeiro Clube de Tenis - 08. Court Details,Carvoeiro,Portugal,522407,Noelani Sara Teso,50667,Karla Popovic,1,2
14981132,tennis,finished,2025-11-03,1762187400000,30641,UTR PTT Fayetteville Women 01,1844,UTR Women,85517.0,UTR PTT Trnava Women 03 2025,Billingsley Tennis Center - Court 04,"Fayetteville, AR",USA,1141348,Arina Babenko,492649,Taylor Goetz,1,2
14981129,tennis,finished,2025-11-03,1762187400000,30641,UTR PTT Fayetteville Women 01,1844,UTR Women,85517.0,UTR PTT Trnava Women 03 2025,Billingsley Tennis Center - Court 02,"Fayetteville, AR",USA,1081990,Morgan McCarthy,246671,Lexie Weir,0,2
14981130,tennis,finished,2025-11-03,1762187400000,30641,UTR PTT Fayetteville Women 01,1844,UTR Women,85517.0,UTR PTT Trnava Women 03 2025,Billingsley Tennis Center - Court 06,"Fayetteville, AR",USA,1050763,Juliana Singeorzan,1127088,Alexandra Panagiotidou,0,2
14981124,tennis,finished,2025-11-03,1762187400000,30638,UTR PTT Fayetteville Men 01,1843,UTR Men,85514.0,UTR PTT Trnava Men 02 2025,Billingsley Tennis Center - Court 01,"Fayetteville, AR",USA,410537,Eric Padgham,1141346,Alexander Simone,2,0
14981128,tennis,finished,2025-11-03,1762187400000,30638,UTR PTT Fayetteville Men 01,1843,UTR Men,85514.0,UTR PTT Trnava Men 02 2025,Billingsley Tennis Center - Court 03,"Fayetteville, AR",USA,512534,Raffael Gasanov,478095,Arsene Pougault,0,2
14981122,tennis,finished,2025-11-03,1762187400000,30638,UTR PTT Fayetteville Men 01,1843,UTR Men,85514.0,UTR PTT Trnava Men 02 2025,Billingsley Tennis Center - Court 05,"Fayetteville, AR",USA,495204,Carl Labitzke,395238,Gabriel Elicha Navas,0,2
14982500,tennis,canceled,2025-11-03,1762187400000,30488,"ATP Athens, Greece Men Singles",3,ATP,67313.0,"ATP Belgrade, Serbia Men Singles 2025",Grandstand,Athens,Greece,130400,Reilly Opelka,218259,Fábián Marozsán,0,0
14992823,tennis,finished,2025-11-03,1762188000000,3451,"Knoxville, USA",72,Challenger,80568.0,"ATP Challenger Knoxville, USA Men Singles 2025",Court 2,Knoxville,USA,333007,Murphy Cassone,455089,Alejandro Moreno,2,0
14992911,tennis,finished,2025-11-03,1762188000000,30593,UTR PTT Boca Raton Men 09,1843,UTR Men,85460.0,UTR PTT Boca Raton Men 08 2025,Rick Macci Tennis Center - Court 10,"Boca Raton, FL",USA,1141266,Sutton Severance,450693,Antonin Chapuis,0,2
14992889,tennis,finished,2025-11-03,1762188300000,30593,UTR PTT Boca Raton Men 09,1843,UTR Men,85460.0,UTR PTT Boca Raton Men 08 2025,Rick Macci Tennis Center - Court 09,"Boca Raton, FL",USA,414858,Vanja Hodzic,1055426,Thomas Machado,0,1
14980222,tennis,canceled,2025-11-03,1762189200000,30592,UTR PTT Tucson Men 02,1843,UTR Men,85459.0,UTR PTT Trnava Men 02 2025,,,,1122513,Eli Dieveney,490728,Tristan Berard,0,0
14980229,tennis,canceled,2025-11-03,1762189200000,30592,UTR PTT Tucson Men 02,1843,UTR Men,85459.0,UTR PTT Trnava Men 02 2025,,,,1122513,Eli Dieveney,276761,Juan Carlos Garcia Garcia,0,0
14980246,tennis,canceled,2025-11-03,1762189200000,30592,UTR PTT Tucson Men 02,1843,UTR Men,85459.0,UTR PTT Trnava Men 02 2025,,,,1122513,Eli Dieveney,500392,Glib Sekachov,0,0
14982507,tennis,finished,2025-11-03,1762189200000,30491,"ATP Athens, Greece Men Doubles",3,ATP,67314.0,"ATP Belgrade, Serbia Men Doubles 2025",Grandstand,Athens,Greece,196794,Doumbia S / Reboul F,1051770,Giron M / King E,2,0
14992694,tennis,finished,2025-11-03,1762189200000,3451,"Knoxville, USA",72,Challenger,80568.0,"ATP Challenger Knoxville, USA Men Singles 2025",Court 3,Knoxville,USA,341148,Leo Borg,228155,Francisco Rocha,1,2
14988599,tennis,finished,2025-11-03,1762189500000,3610,"Helsinki, Finland",72,Challenger,80570.0,"ATP Challenger Helsinki, Finland Men Singles 2025",CENTER COURT,Helsinki,Finland,15387,Marin Čilić,108767,Benjamin Hassan,2,0
14992790,tennis,finished,2025-11-03,1762189500000,30386,"ATP Challenger Lima 3, Peru Men Singles",72,Challenger,85080.0,"ATP Challenger Lima 2, Peru Men Singles 2025",Court 5,Lima,Peru,231579,Lorenzo Joaquin Rodriguez,240797,Franco Roncadelli,1,2
14992981,tennis,finished,2025-11-03,1762189500000,30515,"WTA 125K Austin, USA Women Singles",871,WTA 125,85287.0,"WTA 125K Austin, USA Women Singles 2025",Court 1,"Austin, TX",USA,168526,Emily Appleton,489714,Christasha McNeil,0,2
14992968,tennis,finished,2025-11-03,1762190400000,30515,"WTA 125K Austin, USA Women Singles",871,WTA 125,85287.0,"WTA 125K Austin, USA Women Singles 2025",Grandstand,"Austin, TX",USA,71484,Louisa Chirico,381052,Petra Marčinko,2,0
14982556,tennis,finished,2025-11-03,1762190700000,2496,Metz,3,ATP,67301.0,"ATP Metz, France Men Singles 2025",Centre Court,Metz,France,255449,Valentin Royer,95935,Cameron Norrie,1,2
14981151,tennis,finished,2025-11-03,1762191600000,30641,UTR PTT Fayetteville Women 01,1844,UTR Women,85517.0,UTR PTT Trnava Women 03 2025,Billingsley Tennis Center - Court 02,"Fayetteville, AR",USA,386749,Olga Bienzobas Fernandez,478981,Jimena Gomez,0,2
14981135,tennis,canceled,2025-11-03,1762191600000,30641,UTR PTT Fayetteville Women 01,1844,UTR Women,85517.0,UTR PTT Trnava Women 03 2025,Billingsley Tennis Center - Court 06,"Fayetteville, AR",USA,1134413,Elizabeth Fauchet,492648,Brooke Lynn Schafer,0,0
14981148,tennis,finished,2025-11-03,1762191600000,30638,UTR PTT Fayetteville Men 01,1843,UTR Men,85514.0,UTR PTT Trnava Men 02 2025,Billingsley Tennis Center - Court 05,"Fayetteville, AR",USA,317518,Bozo Barun,1141351,Hegarty,2,0
14992998,tennis,finished,2025-11-03,1762191600000,30386,"ATP Challenger Lima 3, Peru Men Singles",72,Challenger,85080.0,"ATP Challenger Lima 2, Peru Men Singles 2025",Court 6,Lima,Peru,379442,Juan Manuel La Serna,85877,Gonzalo Villanueva,0,2
14993389,tennis,finished,2025-11-03,1762191900000,3451,"Knoxville, USA",72,Challenger,80568.0,"ATP Challenger Knoxville, USA Men Singles 2025",Court 2,Knoxville,USA,232059,Keegan Smith,308080,Shunsuke Mitsui,0,2
14981186,tennis,finished,2025-11-03,1762192500000,30638,UTR PTT Fayetteville Men 01,1843,UTR Men,85514.0,UTR PTT Trnava Men 02 2025,Billingsley Tennis Center - Court 03,"Fayetteville, AR",USA,1097759,Noble Renfrow,932411,Tyler Waddock,1,2
14993365,tennis,finished,2025-11-03,1762192500000,30386,"ATP Challenger Lima 3, Peru Men Singles",72,Challenger,85080.0,"ATP Challenger Lima 2, Peru Men Singles 2025",Cancha Central,Lima,Peru,168420,Andres Andrade,99377,Mariano Kestelboim,1,2
14980386,tennis,canceled,2025-11-03,1762192800000,30593,UTR PTT Boca Raton Men 09,1843,UTR Men,85460.0,UTR PTT Boca Raton Men 08 2025,Rick Macci Tennis Center - Court 10,"Boca Raton, FL",USA,369177,Jeremy Jin,1081889,Elie Azoulay,0,0
14989208,tennis,finished,2025-11-03,1762193100000,11865,"WTA Finals, Doubles",6,WTA,67329.0,WTA Finals Women Doubles 2025,Center Court,Riyadh,Saudi Arabia,380629,Kudermetova V / Mertens E,503286,Muhammad A / Schuurs D,2,1
14988597,tennis,finished,2025-11-03,1762193400000,3610,"Helsinki, Finland",72,Challenger,80570.0,"ATP Challenger Helsinki, Finland Men Singles 2025",COURT 3,Helsinki,Finland,63090,Nerman Fatic,81271,Calvin Hemery,0,2
14980382,tennis,finished,2025-11-03,1762193700000,30593,UTR PTT Boca Raton Men 09,1843,UTR Men,85460.0,UTR PTT Boca Raton Men 08 2025,Rick Macci Tennis Center - Court 09,"Boca Raton, FL",USA,528086,Ettore Romeo Baggio Danesi,74333,Matias Franco Descotte,2,0
14992974,tennis,finished,2025-11-03,1762193700000,30515,"WTA 125K Austin, USA Women Singles",871,WTA 125,85287.0,"WTA 125K Austin, USA Women Singles 2025",Center Court,"Austin, TX",USA,223130,Whitney Osuigwe,296390,Anouk Koevermans,0,2
14992754,tennis,finished,2025-11-03,1762194000000,30517,"WTA 125K Tucuman, Argentina Women Singles",871,WTA 125,85290.0,"WTA 125K Tucuman, Argentina Women Singles 2025",Cancha Central,San Miguel de Tucuman,Argentina,19957,Polona Hercog,88310,Mayar Sherif,0,2
14992976,tennis,finished,2025-11-03,1762194000000,30515,"WTA 125K Austin, USA Women Singles",871,WTA 125,85287.0,"WTA 125K Austin, USA Women Singles 2025",Court 1,"Austin, TX",USA,198254,Alana Smith,417260,Carmen Andreea Herea,0,2
14993386,tennis,finished,2025-11-03,1762194600000,30641,UTR PTT Fayetteville Women 01,1844,UTR Women,85517.0,UTR PTT Trnava Women 03 2025,Billingsley Tennis Center - Court 06,"Fayetteville, AR",USA,1134413,Elizabeth Fauchet,322038,Carolina Gomez,0,2
14992081,tennis,finished,2025-11-03,1762195200000,30488,"ATP Athens, Greece Men Singles",3,ATP,67313.0,"ATP Belgrade, Serbia Men Singles 2025",Center Court,Athens,Greece,88992,Alexandre Muller,46391,Jan-Lennard Struff,2,1
14992912,tennis,finished,2025-11-03,1762195800000,30593,UTR PTT Boca Raton Men 09,1843,UTR Men,85460.0,UTR PTT Boca Raton Men 08 2025,Rick Macci Tennis Center - Court 12,"Boca Raton, FL",USA,515240,Mateya Stanisavljevic,1141264,Gurjot Singh,2,0
14981119,tennis,finished,2025-11-03,1762196100000,30638,UTR PTT Fayetteville Men 01,1843,UTR Men,85514.0,UTR PTT Trnava Men 02 2025,Billingsley Tennis Center - Court 01,"Fayetteville, AR",USA,1086890,James Weber,302586,Joaquin Benoit,0,2
14992978,tennis,finished,2025-11-03,1762196100000,30515,"WTA 125K Austin, USA Women Singles",871,WTA 125,85287.0,"WTA 125K Austin, USA Women Singles 2025",Grandstand,"Austin, TX",USA,340542,Mary Stoiana,298339,Darja Vidmanova,2,1
14993390,tennis,finished,2025-11-03,1762196100000,3451,"Knoxville, USA",72,Challenger,80568.0,"ATP Challenger Knoxville, USA Men Singles 2025",Court 3,Knoxville,USA,522293,Jack Kennedy,217878,Peter Makk,1,2
14980231,tennis,finished,2025-11-03,1762196400000,30592,UTR PTT Tucson Men 02,1843,UTR Men,85459.0,UTR PTT Trnava Men 02 2025,Robson Tennis Center - Court 2,Tucson,USA,460278,Alejandro Arcila,1138200,Bautista Durrels Rojo,2,0
14980757,tennis,finished,2025-11-03,1762196400000,30592,UTR PTT Tucson Men 02,1843,UTR Men,85459.0,UTR PTT Trnava Men 02 2025,Robson Tennis Center - Court 1,Tucson,USA,1141318,Anish Poojari,500392,Glib Sekachov,0,2
14993407,tennis,notstarted,2025-11-03,1762196400000,30621,ITF M15 Valledupar Men,785,ITF Men,85489.0,2025,,,,1140115,Alejandro Castellanos,305134,Daniel Antonio Nunez,0,0
14993409,tennis,notstarted,2025-11-03,1762196400000,30621,ITF M15 Valledupar Men,785,ITF Men,85489.0,2025,,,,67418,Davide Pontoglio,371456,Enzo Camargo Lima,0,0
14993408,tennis,notstarted,2025-11-03,1762196400000,30621,ITF M15 Valledupar Men,785,ITF Men,85489.0,2025,,,,389092,Lucca Pinto,302584,Natan Rodrigues,0,0
14980397,tennis,finished,2025-11-03,1762196700000,30593,UTR PTT Boca Raton Men 09,1843,UTR Men,85460.0,UTR PTT Boca Raton Men 08 2025,Rick Macci Tennis Center - Court 10,"Boca Raton, FL",USA,470483,Lev Seidman,454954,Simon Myslivec,1,2
14992072,tennis,finished,2025-11-03,1762196700000,30488,"ATP Athens, Greece Men Singles",3,ATP,67313.0,"ATP Belgrade, Serbia Men Singles 2025",Grandstand,Athens,Greece,130400,Reilly Opelka,199395,Vit Kopřiva,0,2
14980400,tennis,canceled,2025-11-03,1762197000000,30593,UTR PTT Boca Raton Men 09,1843,UTR Men,85460.0,UTR PTT Boca Raton Men 08 2025,Rick Macci Tennis Center - Court 10,"Boca Raton, FL",USA,516157,Lachlan Gaskell,379454,Segundo Goity Zapico,0,0
14989783,tennis,finished,2025-11-03,1762197600000,3451,"Knoxville, USA",72,Challenger,80568.0,"ATP Challenger Knoxville, USA Men Singles 2025",Court 2,Knoxville,USA,157394,Mats Rosenkranz,290568,Inaki Montes-de la Torre,0,1
14981131,tennis,finished,2025-11-03,1762198200000,30641,UTR PTT Fayetteville Women 01,1844,UTR Women,85517.0,UTR PTT Trnava Women 03 2025,Billingsley Tennis Center - Court 06,"Fayetteville, AR",USA,378991,Sara Borkop,183837,Daniel Young,2,0
14993410,tennis,notstarted,2025-11-03,1762198200000,30621,ITF M15 Valledupar Men,785,ITF Men,85489.0,2025,,,,405124,Lucio Ratti,1106196,Lucas Martin Velasco,0,0
14981166,tennis,finished,2025-11-03,1762198800000,30641,UTR PTT Fayetteville Women 01,1844,UTR Women,85517.0,UTR PTT Trnava Women 03 2025,Billingsley Tennis Center - Court 04,"Fayetteville, AR",USA,1130932,Kaiden Greer,1094489,Alyson Shannon,0,2
14981185,tennis,finished,2025-11-03,1762199100000,30641,UTR PTT Fayetteville Women 01,1844,UTR Women,85517.0,UTR PTT Trnava Women 03 2025,Billingsley Tennis Center - Court 02,"Fayetteville, AR",USA,401357,Jana Stojanova,1141352,Enya Hamilton,2,1
14981167,tennis,finished,2025-11-03,1762199100000,30638,UTR PTT Fayetteville Men 01,1843,UTR Men,85514.0,UTR PTT Trnava Men 02 2025,Billingsley Tennis Center - Court 05,"Fayetteville, AR",USA,1117833,Maxim Michaels,413635,Eduardo Bribiesca,2,1
14982553,tennis,finished,2025-11-03,1762199400000,2496,Metz,3,ATP,67301.0,"ATP Metz, France Men Singles 2025",Centre Court,Metz,France,112783,Matteo Berrettini,90798,Quentin Halys,2,0
14980247,tennis,finished,2025-11-03,1762200000000,30592,UTR PTT Tucson Men 02,1843,UTR Men,85459.0,UTR PTT Trnava Men 02 2025,Robson Tennis Center - Court 2,Tucson,USA,378431,Matthias Uwe Kask,1141257,Gadin Arun,2,0
14992763,tennis,finished,2025-11-03,1762200000000,30517,"WTA 125K Tucuman, Argentina Women Singles",871,WTA 125,85290.0,"WTA 125K Tucuman, Argentina Women Singles 2025",Court 1,San Miguel de Tucuman,Argentina,119216,Alicia Herrero Linana,250859,Oleksandra Oliynykova,0,2
14992975,tennis,finished,2025-11-03,1762200900000,30515,"WTA 125K Austin, USA Women Singles",871,WTA 125,85287.0,"WTA 125K Austin, USA Women Singles 2025",Center Court,"Austin, TX",USA,280837,Hina Inoue,111189,Renata Zarazua,0,2
14989781,tennis,finished,2025-11-03,1762201800000,3451,"Knoxville, USA",72,Challenger,80568.0,"ATP Challenger Knoxville, USA Men Singles 2025",Court 2,Knoxville,USA,258324,Saba Purtseladze,339606,Antoine Ghibaudo,0,2
14980384,tennis,inprogress,2025-11-03,1762201800000,30593,UTR PTT Boca Raton Men 09,1843,UTR Men,85460.0,UTR PTT Boca Raton Men 08 2025,Rick Macci Tennis Center - Court 07,"Boca Raton, FL",USA,530752,Kai-Luca Ampaw,393644,Riccardo Trione,0,1
14990241,tennis,finished,2025-11-03,1762202100000,30386,"ATP Challenger Lima 3, Peru Men Singles",72,Challenger,85080.0,"ATP Challenger Lima 2, Peru Men Singles 2025",Cancha Central,Lima,Peru,132558,Zdenek Kolar,132834,Tomás Barrios Vera,0,2
14981176,tennis,finished,2025-11-03,1762202700000,30638,UTR PTT Fayetteville Men 01,1843,UTR Men,85514.0,UTR PTT Trnava Men 02 2025,Billingsley Tennis Center - Court 03,"Fayetteville, AR",USA,332318,Oscar Pinto Sansano,316220,Lukas Palovic,0,2
14980240,tennis,inprogress,2025-11-03,1762202700000,30592,UTR PTT Tucson Men 02,1843,UTR Men,85459.0,UTR PTT Trnava Men 02 2025,Robson Tennis Center - Court 1,Tucson,USA,338978,Baran Soyler,252223,Jared Horwood,1,1
14980401,tennis,inprogress,2025-11-03,1762202700000,30593,UTR PTT Boca Raton Men 09,1843,UTR Men,85460.0,UTR PTT Boca Raton Men 08 2025,Rick Macci Tennis Center - Court 09,"Boca Raton, FL",USA,936878,James Newton,261737,Gabriele Felline,1,1
14992874,tennis,finished,2025-11-03,1762203300000,30593,UTR PTT Boca Raton Men 09,1843,UTR Men,85460.0,UTR PTT Boca Raton Men 08 2025,Rick Macci Tennis Center - Court 12,"Boca Raton, FL",USA,1080956,Alexander Baez,1076168,John Patrick Popowich,2,0
14992967,tennis,finished,2025-11-03,1762203300000,30515,"WTA 125K Austin, USA Women Singles",871,WTA 125,85287.0,"WTA 125K Austin, USA Women Singles 2025",Court 1,"Austin, TX",USA,19847,Arantxa Rus,288612,Anna Rogers,2,0
14863264,basketball,finished,2025-11-03,1762117200000,23420,CN1 Basquetebol,287,Portugal,84493.0,25/26,,,,915200,Sporting CP U23,495457,Paço de Arcos Clube Oeiras,74,65
14930819,basketball,finished,2025-11-03,1762117200000,29888,Liga Femenina,264,Argentina,83926.0,25/26,,,,1132304,El Biguá Neuquén,376873,Ferro Carril Oeste,51,65
14963017,basketball,finished,2025-11-03,1762117200000,28272,"Paulista Divisao Especial, Women",263,Brazil,79222.0,"Paulista Divisao Especial, Women 2025",,,,1110932,Sao Jose Basketball Def SP,274990,Unimed Campinas Basquete,54,62
14967654,basketball,finished,2025-11-03,1762117200000,17343,El Salvador LMB,1550,El Salvador,74021.0,Liga Mayor de Baloncesto 2025,,,,510061,Salvadoreños BC,410482,Metapán BC,54,79
14945176,basketball,finished,2025-11-03,1762119000000,29679,LNBF,1203,Paraguay,83327.0,2025,,,,1130133,Olimpia Queens,1130136,Sol de América,73,52
14948966,basketball,finished,2025-11-03,1762120800000,26785,Liga Nacional Femenina Chile,1183,Chile,75804.0,2025,,,,414094,Sportiva Italiana,1093927,CD Brisas Santiago,114,23
14964599,basketball,finished,2025-11-03,1762120800000,648,NCAA Men,15,USA,80279.0,"NCAA, Regular Season 25/26",,,,303198,Minnesota State Mankato Mavericks,303179,Pittsburg State Gorillas,53,75
14964601,basketball,finished,2025-11-03,1762120800000,648,NCAA Men,15,USA,80279.0,"NCAA, Regular Season 25/26",,,,237345,St. Edward's Hilltoppers,303269,Central Washington Wildcats,68,47
14967950,basketball,postponed,2025-11-03,1762120800000,24916,Liga de Baloncesto Puertorriquena,1204,Puerto Rico,85381.0,25/26,,,,1074333,Trovadores de Comerio,1074303,Costeros de Vega Alta,0,0
14993384,basketball,finished,2025-11-03,1762120800000,23100,Euroleague Cyber (CEL),1215,Virtual Basketball,77866.0,Euroleague Cyber (CEL) 25/26,,,,1105824,Paris Basketball (Cyber),1105829,Hapoel TA/Sofia (Cyber),86,98
14964602,basketball,finished,2025-11-03,1762123500000,648,NCAA Men,15,USA,80279.0,"NCAA, Regular Season 25/26",,,,303157,Florida Southern Moccasins,239816,Virginia-Wise Cavaliers,91,93
14982935,basketball,finished,2025-11-03,1762123500000,27754,Divisional Tercera de Ascenso,549,Uruguay,77755.0,2025,,,,1105288,CA Capurro,288656,Olivol Mundial,73,74
14982934,basketball,finished,2025-11-03,1762123500000,27754,Divisional Tercera de Ascenso,549,Uruguay,77755.0,2025,,,,419985,San Telmo Rápido Sport,1105347,CD Albatros,76,89
14442121,basketball,finished,2025-11-03,1762124400000,132,NBA,15,USA,80229.0,NBA 25/26,Barclays Center,Brooklyn,USA,3436,Brooklyn Nets,3420,Philadelphia 76ers,105,129
14442134,basketball,finished,2025-11-03,1762124400000,132,NBA,15,USA,80229.0,NBA 25/26,Spectrum Center,"Charlotte, NC",USA,3430,Charlotte Hornets,3434,Utah Jazz,126,103
14442611,basketball,finished,2025-11-03,1762124400000,132,NBA,15,USA,80229.0,NBA 25/26,Rocket Mortgage Fieldhouse,"Cleveland, OH",USA,3432,Cleveland Cavaliers,3423,Atlanta Hawks,117,109
14442275,basketball,finished,2025-11-03,1762124400000,132,NBA,15,USA,80229.0,NBA 25/26,Scotiabank Arena,Toronto,Canada,3433,Toronto Raptors,3415,Memphis Grizzlies,117,104
14967927,basketball,finished,2025-11-03,1762124400000,24916,Liga de Baloncesto Puertorriquena,1204,Puerto Rico,85381.0,25/26,,,,1074314,Guerrilleros de Rio Grande,1074302,Cocoteros de Loiza,72,69
14990220,basketball,finished,2025-11-03,1762124400000,21213,Copa Chile LNB,1183,Chile,85382.0,2025,,,,233050,Deportivo Valdivia,134420,Leones de Quilpué,53,56
14967655,basketball,finished,2025-11-03,1762125300000,22376,Colombia LPB,1184,Colombia,84407.0,LBP 2025,,,,1091316,Caimanes del Llano,398067,Caribbean Storm Coffee,96,89
14927601,basketball,finished,2025-11-03,1762126200000,1680,Argentina Liga Nacional,264,Argentina,82914.0,LNB 25/26,,,,125894,Regatas Corrientes,125870,Argentino de Junín,77,50
14874163,basketball,finished,2025-11-03,1762126200000,21307,Liga Argentina,264,Argentina,84629.0,Liga Argentina 25/26,,,,275170,Deportivo Rivadavia Mendoza,1130823,Hindu Club,83,70
14874168,basketball,finished,2025-11-03,1762126200000,21307,Liga Argentina,264,Argentina,84629.0,Liga Argentina 25/26,,,,308992,Unión de Mar del Plata,281991,Gimnasia y Esgrima de La Plata,85,96
14930829,basketball,finished,2025-11-03,1762126200000,29888,Liga Femenina,264,Argentina,83926.0,25/26,,,,252675,Deportivo Berazategui,257121,CA Lanús,51,49
14930818,basketball,finished,2025-11-03,1762126200000,29888,Liga Femenina,264,Argentina,83926.0,25/26,,,,388295,Independiente de Neuquén,281605,Unión Florida,71,64
14927596,basketball,finished,2025-11-03,1762128000000,1680,Argentina Liga Nacional,264,Argentina,82914.0,LNB 25/26,,,,272047,Platense,207071,San Lorenzo de Almagro,101,78
14874162,basketball,finished,2025-11-03,1762128000000,21307,Liga Argentina,264,Argentina,84629.0,Liga Argentina 25/26,,,,266535,Comunicaciones,308822,Independiente BBC de Santiago del Estero,89,67
14441887,basketball,finished,2025-11-03,1762128000000,132,NBA,15,USA,80229.0,NBA 25/26,Madison Square Garden,New York City,USA,3421,New York Knicks,3409,Chicago Bulls,128,116
14874165,basketball,finished,2025-11-03,1762128000000,21307,Liga Argentina,264,Argentina,84629.0,Liga Argentina 25/26,,,,317568,Central Entrerriano,313669,Alianza Viedma,84,81
14985499,basketball,finished,2025-11-03,1762128000000,648,NCAA Men,15,USA,80279.0,"NCAA, Regular Season 25/26",,,,238170,Missouri St Louis Tritons,240234,Missouri Western Griffons,63,71
14442205,basketball,finished,2025-11-03,1762131600000,132,NBA,15,USA,80229.0,NBA 25/26,Footprint Centre ,Phoenix,USA,3416,Phoenix Suns,3429,San Antonio Spurs,130,118
14966624,basketball,finished,2025-11-03,1762131600000,17343,El Salvador LMB,1550,El Salvador,74021.0,Liga Mayor de Baloncesto 2025,,,,343178,Santa Ana Basketball Club,343223,Cojute,96,85
14966625,basketball,finished,2025-11-03,1762131600000,17343,El Salvador LMB,1550,El Salvador,74021.0,Liga Mayor de Baloncesto 2025,,,,394186,Santiagueño BC,342997,BC Chalchuapa United,86,126
14985484,basketball,canceled,2025-11-03,1762131600000,648,NCAA Men,15,USA,80279.0,"NCAA, Regular Season 25/26",,,,303150,Daemen Wildcats,238214,Alaska Anchorage Seawolves,0,0
14964606,basketball,finished,2025-11-03,1762136100000,648,NCAA Men,15,USA,80279.0,"NCAA, Regular Season 25/26",,,,273694,Simon Fraser Red Leafs,306705,CAL State SAN Bernardino Coyotes,73,83
14439137,basketball,finished,2025-11-03,1762137000000,132,NBA,15,USA,80229.0,NBA 25/26,Crypto.com Arena,Los Angeles,USA,3427,Los Angeles Lakers,3435,Miami Heat,130,120
14863491,basketball,finished,2025-11-03,1762142400000,19521,Women's Japan Basketball League,483,Japan,84499.0,W League Premier 25/26,,,,245072,Toyota Boshoku Sunshine Rabbits,274632,Fujitsu Red Wave,77,71
14714469,basketball,finished,2025-11-03,1762158600000,1524,NBL,113,Australia,77205.0,NBL 25/26,John Cain Arena,Melbourne,Australia,3608,Melbourne United,3614,Sydney Kings,92,95
14194402,basketball,finished,2025-11-03,1762164000000,1540,Korean Basketball League,375,South Korea,78467.0,KBL 25/26,,,,126282,Seoul Samsung Thunders,126280,Ulsan Hyundai Mobis Phoebus,79,92
14973385,basketball,finished,2025-11-03,1762164000000,29910,EYBL U17,103,International,84000.0,25/26,,,,1139314,TEAM 11 U17,1139306,Level Up Kutaisi U17,44,61
14954421,basketball,notstarted,2025-11-03,1762164000000,29910,EYBL U17,103,International,84000.0,25/26,,,,1139308,MBK Karlovka Bratislava U17,1139295,Basket Cernusco U17,0,0
14715411,basketball,finished,2025-11-03,1762167600000,29552,Super League,157,Russia,82999.0,Super League 25/26,,,,272928,BC Tambov,931905,Dynamo Ufa,74,78
14843018,basketball,finished,2025-11-03,1762171200000,11511,Iranian Basketball Super League,1190,Iran,83943.0,Super League 25/26,,,,1132202,Naft Zagros Jonoubi,495809,Tabiaat,93,89
14843021,basketball,finished,2025-11-03,1762173000000,11511,Iranian Basketball Super League,1190,Iran,83943.0,Super League 25/26,,,,235931,Naft Abadan,930420,Mahgol Alborz,105,72
14843020,basketball,finished,2025-11-03,1762174800000,11511,Iranian Basketball Super League,1190,Iran,83943.0,Super League 25/26,,,,1132205,Esteghlal Tehran,930301,Payesh Part Shahrod,81,58
14831306,basketball,finished,2025-11-03,1762174800000,24301,Saudi Basketball League,1206,Saudi Arabia,83994.0,25/26,,,,252797,AL Khaleej,239570,Al Nassr BC,75,103
14553054,basketball,finished,2025-11-03,1762174800000,648,NCAA Men,15,USA,80279.0,"NCAA, Regular Season 25/26",,,,41196,Winthrop Eagles,303244,Queens Royals,81,74
14843022,basketball,finished,2025-11-03,1762176600000,11511,Iranian Basketball Super League,1190,Iran,83943.0,Super League 25/26,,,,337926,Golnoor Isfahan,1132204,Pas Kordestan,63,62
14843023,basketball,finished,2025-11-03,1762178400000,11511,Iranian Basketball Super League,1190,Iran,83943.0,Super League 25/26,,,,305616,Kalleh Mazandaran,930414,Petro Novin Mahshahr,101,74
14947429,basketball,finished,2025-11-03,1762178400000,19323,1. Lig,112,Turkey,81402.0,TBL 25/26,,,,299766,Sigortam.net Itu BB,831045,Goztepe SK,85,87
14830499,basketball,finished,2025-11-03,1762180200000,23801,WABA League Women,103,International,83341.0,25/26,,,,301489,ŽKK Studio Zagreb,26303,ŽKK Budućnost Podgorica,41,98
14858415,basketball,finished,2025-11-03,1762182000000,21612,WASL Gulf League,103,International,84424.0,WASL Gulf League 25/26,,,,283794,AL Shabab (UAE),270038,Al Muharraq,89,87
14822341,basketball,finished,2025-11-03,1762182000000,24301,Saudi Basketball League,1206,Saudi Arabia,83994.0,25/26,,,,249468,AL Ittihad,452893,Ohod Medina,96,48
14822342,basketball,finished,2025-11-03,1762182000000,24301,Saudi Basketball League,1206,Saudi Arabia,83994.0,25/26,,,,1039630,Al Khewaildia,269750,AL Fateh,64,78
14822920,basketball,finished,2025-11-03,1762182000000,24301,Saudi Basketball League,1206,Saudi Arabia,83994.0,25/26,,,,1039631,Al-Ula,305298,Al Ahly SC,83,71
14531748,basketball,finished,2025-11-03,1762182000000,26047,Türkiye Kadınlar Basketbol Ligi,112,Turkey,81244.0,Türkiye Kadınlar Basketbol Ligi 25/26,,,,1086211,Mersin Basketbol,1086221,Burhaniye Belediyespor,81,82
14791940,basketball,finished,2025-11-03,1762182000000,29868,National League,1193,Kazakhstan,83820.0,National League 25/26,,,,118872,BC Astana,122188,Kaspiy Aktau,84,68
14947037,basketball,finished,2025-11-03,1762182000000,24299,Qatari Basketball League,1205,Qatar,85105.0,QBL 25/26,,,,247015,Al Shamal,306656,Al Wakrah,80,81
14500680,basketball,finished,2025-11-03,1762185600000,519,Turkish Basketball Super League,112,Turkey,81036.0,Super Lig 25/26,Basketball Development Centre,Istanbul,Türkiye,3515,Anadolu Efes,268256,Manisa Basket,104,72
14397498,basketball,finished,2025-11-03,1762185600000,235,ABA League,103,International,80150.0,Liga ABA 25/26,Coca-Cola Arena,Dubai,United Arab Emirates,526165,BC Dubai,6637,KK Partizan Mozzart Bet,82,70
14792765,basketball,finished,2025-11-03,1762185600000,20078,Israeli Women Basketball Premier League,188,Israel,83333.0,"WBL, Women 25/26",,,,269368,Elizur Ramla,269771,Maccabi Ramat Gan / Hen,64,96
14715410,basketball,finished,2025-11-03,1762185600000,29552,Super League,157,Russia,82999.0,Super League 25/26,,,,267483,CSKA-2 Moscow,32427,Universitet-Ugra Surgut,80,63
14560972,basketball,finished,2025-11-03,1762185600000,648,NCAA Men,15,USA,80279.0,"NCAA, Regular Season 25/26",,,,66350,St. Bonaventure Bonnies,86704,Bradley Braves,67,63
14921291,basketball,finished,2025-11-03,1762185600000,10664,NCAA Women,15,USA,80280.0,"NCAA Women, Regular Season 25/26",,,,271251,Butler Bulldogs,271078,Wright State Raiders,74,53
14921289,basketball,finished,2025-11-03,1762185600000,10664,NCAA Women,15,USA,80280.0,"NCAA Women, Regular Season 25/26",,,,270979,Clemson Tigers,271201,South Carolina Upstate Spartans,76,38
14921294,basketball,finished,2025-11-03,1762185600000,10664,NCAA Women,15,USA,80280.0,"NCAA Women, Regular Season 25/26",,,,216408,Iona Gaels,303673,Mercy Mavericks,65,50
14921290,basketball,finished,2025-11-03,1762185600000,10664,NCAA Women,15,USA,80280.0,"NCAA Women, Regular Season 25/26",,,,271019,North Carolina Tar Heels,271354,North Carolina Central Eagles,90,42
14921293,basketball,finished,2025-11-03,1762185600000,10664,NCAA Women,15,USA,80280.0,"NCAA Women, Regular Season 25/26",,,,271225,Oakland Golden Grizzlies,494838,Cleary Cougars,90,32
14921292,basketball,finished,2025-11-03,1762185600000,10664,NCAA Women,15,USA,80280.0,"NCAA Women, Regular Season 25/26",,,,271129,Youngstown State Penguins,401904,Thiel Tomcats,104,33
14420984,basketball,postponed,2025-11-03,1762187400000,745,Liga OTP banka,292,Slovenia,80371.0,1. A SKL 25/26,,,,24245,KK Krka Novo Mesto,41826,Rogaška,0,0
14828657,basketball,finished,2025-11-03,1762187400000,10599,Elite League,108,Greece,78469.0,Elite League 25/26,,,,267472,NE Megaridos,446960,AGE Chalkida,79,78
14792766,basketball,finished,2025-11-03,1762187400000,20078,Israeli Women Basketball Premier League,188,Israel,83333.0,"WBL, Women 25/26",,,,373421,Hapoel Beer Sheva Asa,404624,Hapoel Lev Jerusalem,81,94
14419344,basketball,finished,2025-11-03,1762187400000,975,Betsson-LKL,168,Lithuania,80356.0,LKL 25/26,,,,269832,BC Jonava Hipocredit,49999,Utenos Juventus,82,98
14421040,basketball,finished,2025-11-03,1762187400000,745,Liga OTP banka,292,Slovenia,80371.0,1. A SKL 25/26,,,,41826,Rogaška,24245,KK Krka Novo Mesto,80,91
14842972,basketball,finished,2025-11-03,1762187400000,648,NCAA Men,15,USA,80279.0,"NCAA, Regular Season 25/26",,,,303036,Texas A&M–Commerce Lions,240904,Arlington Baptist College,119,60
14605362,basketball,finished,2025-11-03,1762187400000,1197,Israeli Basketball Super League,188,Israel,81980.0,Super League 25/26,Yeshurun,Netanya,Israel,45366,Barak Netanya,270398,Hapoel Galil Elion,78,85
14921377,basketball,finished,2025-11-03,1762187400000,10664,NCAA Women,15,USA,80280.0,"NCAA Women, Regular Season 25/26",,,,216435,Middle Tennessee State Lady Raiders,271195,Tennessee State Tigers,59,53
14471096,basketball,finished,2025-11-03,1762188300000,975,Betsson-LKL,168,Lithuania,80356.0,LKL 25/26,,,,25764,Kėdainių Nevėžis,1118417,Gargždų Gargždai SC,94,87
14783500,basketball,finished,2025-11-03,1762189200000,29654,"1. ZLS, Women",288,Serbia,83210.0,"1. ZLS, Women 25/26",,,,1129417,Korac Akademija,368160,Vojvodina,65,57
14792762,basketball,finished,2025-11-03,1762189200000,20078,Israeli Women Basketball Premier League,188,Israel,83333.0,"WBL, Women 25/26",,,,269768,Maccabi Ashdod,269761,Hapoel Petach Tikva,82,61
14792764,basketball,finished,2025-11-03,1762189200000,20078,Israeli Women Basketball Premier League,188,Israel,83333.0,"WBL, Women 25/26",,,,1130156,Maccabi Karmiel Beit Hakerem,335605,Maccabi Haifa,76,69
14128806,basketball,finished,2025-11-03,1762189200000,263,Polish Basketball League,284,Poland,77879.0,PLK 25/26,,,,6665,Arka Gdynia,362905,Dziki Warszawa,78,96
14775007,basketball,finished,2025-11-03,1762189200000,1948,LNBM Mozzart,324,Romania,83566.0,Liga Nationala 25/26,,,,178008,BC CSU Sibiu,45381,CSA Steaua București,74,69
14775004,basketball,finished,2025-11-03,1762189200000,1948,LNBM Mozzart,324,Romania,83566.0,Liga Nationala 25/26,,,,178006,SCM Universitatea Craiova,300792,CSM Târgu Jiu,97,54
14822919,basketball,finished,2025-11-03,1762189200000,24301,Saudi Basketball League,1206,Saudi Arabia,83994.0,25/26,,,,398609,Al Salam,1075470,Mudhar,66,87
14671011,basketball,finished,2025-11-03,1762189200000,648,NCAA Men,15,USA,80279.0,"NCAA, Regular Season 25/26",,,,66340,Lamar Cardinals,932493,Texas AM-San Antonio Jaguars,93,53
14612057,basketball,finished,2025-11-03,1762189200000,10664,NCAA Women,15,USA,80280.0,"NCAA Women, Regular Season 25/26",,,,249086,Duke Blue Devils,216392,Baylor Bears,52,58
14921512,basketball,finished,2025-11-03,1762189200000,10664,NCAA Women,15,USA,80280.0,"NCAA Women, Regular Season 25/26",,,,249072,Iowa State Cyclones,397517,Saint Thomas Tommies,85,36
14677699,basketball,finished,2025-11-03,1762189200000,10664,NCAA Women,15,USA,80280.0,"NCAA Women, Regular Season 25/26",,,,249073,Marquette Golden Eagles,271109,Winthrop Eagles,89,57
14921511,basketball,finished,2025-11-03,1762189200000,10664,NCAA Women,15,USA,80280.0,"NCAA Women, Regular Season 25/26",,,,271152,McNeese State Cowboys,334949,Pensacola Christian College Eagles,100,38
14695468,basketball,finished,2025-11-03,1762189200000,10664,NCAA Women,15,USA,80280.0,"NCAA Women, Regular Season 25/26",,,,271164,Memphis Tigers,271121,Arkansas-Pine Bluff Golden Lions,64,69
14765517,basketball,finished,2025-11-03,1762189200000,10664,NCAA Women,15,USA,80280.0,"NCAA Women, Regular Season 25/26",,,,271075,Ole Miss Rebels,271259,Norfolk State Spartans,87,46
14921510,basketball,finished,2025-11-03,1762189200000,10664,NCAA Women,15,USA,80280.0,"NCAA Women, Regular Season 25/26",,,,271234,Oral Roberts Golden Eagles,494737,Friends Falcons,97,65
14883556,basketball,finished,2025-11-03,1762189200000,10664,NCAA Women,15,USA,80280.0,"NCAA Women, Regular Season 25/26",,,,271089,Samford Bulldogs,273304,Montevallo Falcons,75,53
14921515,basketball,finished,2025-11-03,1762189200000,10664,NCAA Women,15,USA,80280.0,"NCAA Women, Regular Season 25/26",,,,271070,Southeastern Louisiana Lions,271108,Centenary Louisiana,105,49
14921513,basketball,finished,2025-11-03,1762189200000,10664,NCAA Women,15,USA,80280.0,"NCAA Women, Regular Season 25/26",,,,271086,Stephen F Austin Lumberjacks,271382,Southwestern Assemblies of God Lady Lions,85,54
14921514,basketball,finished,2025-11-03,1762189200000,10664,NCAA Women,15,USA,80280.0,"NCAA Women, Regular Season 25/26",,,,216391,Tennessee Chattanooga Mocs,397540,King Lady Tornado,82,34
14203214,basketball,finished,2025-11-03,1762189200000,23100,Euroleague Cyber (CEL),1215,Virtual Basketball,77866.0,Euroleague Cyber (CEL) 25/26,,,,1105834,FC Barça (Cyber),1105819,Žalgiris Kaunas (Cyber),61,73
14947038,basketball,finished,2025-11-03,1762189200000,24299,Qatari Basketball League,1205,Qatar,85105.0,QBL 25/26,,,,274166,AL Ahli (Qat),273492,Al Sadd,80,90
14948768,basketball,finished,2025-11-03,1762189200000,579,Croatian Premier League,190,Croatia,80506.0,Premijer liga 25/26,,,,124482,Šibenka,6645,KK Zadar,70,94
14999936,basketball,finished,2025-11-03,1762189200000,16734,Liga e Parë,1589,Kosovo,84677.0,25/26,,,,377694,KB Istogu,378761,KB Borea,84,78
14812316,basketball,notstarted,2025-11-03,1762189200000,19295,Prva RL Istok,288,Serbia,84001.0,Prva RL Istok 25/26,Hala Sportova Aleksinac,Aleksinac,Serbia,328672,KK Napredak Aleksinac,450020,KK Ratnici Niš,0,0
14695328,basketball,finished,2025-11-03,1762190100000,1920,Bulgaria NBL,372,Bulgaria,80372.0,NBL 25/26,,,,395047,Minyor 2015,176632,Balkan Botevgrad,81,99
14921832,basketball,finished,2025-11-03,1762191000000,10664,NCAA Women,15,USA,80280.0,"NCAA Women, Regular Season 25/26",,,,271082,Jacksonville State Gamecocks,271112,LaGrange Panthers,92,35
14977271,basketball,finished,2025-11-03,1762191000000,23803,Poland 2nd Basketball League,284,Poland,82933.0,25/26,,,,390928,MKKS Żak Koszalin,457613,Energa GAK Gdynia,83,77
14801741,basketball,finished,2025-11-03,1762191900000,22595,A ESKA,1707,Greece Amateur,78554.0,A ESKA 25/26,,,,522995,Promitheas Chalandriou,299417,FEA NF NX,75,85
14397497,basketball,finished,2025-11-03,1762192800000,235,ABA League,103,International,80150.0,Liga ABA 25/26,Hala Borca kraj Morave,Čačak,Serbia,38313,KK Borac Mozzart,38359,FMP Beograd,74,83
14498151,basketball,finished,2025-11-03,1762192800000,648,NCAA Men,15,USA,80279.0,"NCAA, Regular Season 25/26",,,,88334,Prairie View A&M Panthers,494050,CBS Ambassadors,95,48
14921903,basketball,finished,2025-11-03,1762192800000,10664,NCAA Women,15,USA,80280.0,"NCAA Women, Regular Season 25/26",,,,271119,Eastern Illinois Panthers,249079,Drake Bulldogs,65,83
14921901,basketball,finished,2025-11-03,1762192800000,10664,NCAA Women,15,USA,80280.0,"NCAA Women, Regular Season 25/26",,,,271240,Nebraska Cornhuskers,271076,Northwestern State Demons,103,46
14712981,basketball,finished,2025-11-03,1762192800000,10664,NCAA Women,15,USA,80280.0,"NCAA Women, Regular Season 25/26",,,,271229,UAB Blazers,401919,West Alabama Tigers,59,62
14921902,basketball,canceled,2025-11-03,1762192800000,10664,NCAA Women,15,USA,80280.0,"NCAA Women, Regular Season 25/26",,,,334148,Utah Tech Trailblazers,305324,Westcliff Warriors,0,0
14811580,basketball,finished,2025-11-03,1762192800000,10664,NCAA Women,15,USA,80280.0,"NCAA Women, Regular Season 25/26",,,,271179,Utah Utes,1132602,Sioux Falls Cougars,88,62
14937844,basketball,finished,2025-11-03,1762192800000,21720,A1 ESKAH,1707,Greece Amateur,82455.0,A1 ESKAH 25/26,,,,501340,AE Roitikon,505116,AO Asteras Temenis,84,65
14937845,basketball,finished,2025-11-03,1762192800000,21720,A1 ESKAH,1707,Greece Amateur,82455.0,A1 ESKAH 25/26,,,,501347,EA Patron,462563,PAS Nafpaktou,81,49
14937849,basketball,finished,2025-11-03,1762192800000,21720,A1 ESKAH,1707,Greece Amateur,82455.0,A1 ESKAH 25/26,,,,501338,GE Iraklis Pyrgou,501339,Neoi Glaykou 2017,61,59
14975816,basketball,finished,2025-11-03,1762192800000,22624,FSHB Superliga,1178,Albania,78410.0,FSHB Superliga 25/26,Kamza Sports Hall,Kamëz,Albania,397895,KB Kamza,457088,Apolonia Fier,88,92
14203218,basketball,notstarted,2025-11-03,1762192800000,23100,Euroleague Cyber (CEL),1215,Virtual Basketball,77866.0,Euroleague Cyber (CEL) 25/26,,,,1105823,Partizan Belgrade (Cyber),1105824,Paris Basketball (Cyber),0,0
14041714,basketball,finished,2025-11-03,1762193040000,277,Swedish Basketball League,114,Sweden,77203.0,SBL 25/26,,,,394010,Hogsbo Basket,3600,BC Luleå,66,106
14618101,basketball,finished,2025-11-03,1762193700000,22595,A ESKA,1707,Greece Amateur,78554.0,A ESKA 25/26,,,,522973,Anagennisi Petralonon,521921,ESKD Neas Ionias,63,68
14251453,basketball,finished,2025-11-03,1762193700000,843,Basketligaen,244,Denmark,78971.0,Basketligaen 25/26,,,,45080,Team Fog Næstved,298329,EBAA-Basketball,108,84
14618106,basketball,finished,2025-11-03,1762194600000,22595,A ESKA,1707,Greece Amateur,78554.0,A ESKA 25/26,,,,522992,Amilla Peristeriou,312974,AO Vrilisiakos,74,81
14618103,basketball,finished,2025-11-03,1762194600000,22595,A ESKA,1707,Greece Amateur,78554.0,A ESKA 25/26,,,,521917,AOK Chalandri,459022,AO Enosi Iliou,58,50
14618173,basketball,finished,2025-11-03,1762194600000,22649,A EKASTH,1707,Greece Amateur,81875.0,A EKASTH 25/26,,,,523218,Asteras Sindou,459008,AS Makedonikos BC,57,46
14618175,basketball,finished,2025-11-03,1762194600000,22649,A EKASTH,1707,Greece Amateur,81875.0,A EKASTH 25/26,,,,525725,Elpida Toubas,1124498,Poseidon Neas Michanonias BC,79,54
14569840,basketball,finished,2025-11-03,1762194600000,648,NCAA Men,15,USA,80279.0,"NCAA, Regular Season 25/26",,,,41201,Murray State Racers,86604,Nebraska-Omaha Mavericks,85,77
14937846,basketball,finished,2025-11-03,1762194600000,21720,A1 ESKAH,1707,Greece Amateur,82455.0,A1 ESKAH 25/26,,,,501349,AGS Keravnos Aigiou,503730,AO Diagoras,71,57
14937855,basketball,finished,2025-11-03,1762194600000,21720,A1 ESKAH,1707,Greece Amateur,82455.0,A1 ESKAH 25/26,,,,459024,Aiolos Agyias BC,501342,SEFA Andravidas,70,53
14991468,basketball,finished,2025-11-03,1762194600000,19839,A ESKANA,1707,Greece Amateur,81916.0,A ESKANA  25/26,,,,854379,Dafni Agiou Dimitriou,301308,Proodeftiki Neolaia,76,72
14991442,basketball,finished,2025-11-03,1762194600000,19839,A ESKANA,1707,Greece Amateur,81916.0,A ESKANA  25/26,,,,267475,DAS Drapetsonas,1124041,Ethnikos OFPF,84,74
14991467,basketball,finished,2025-11-03,1762194600000,19839,A ESKANA,1707,Greece Amateur,81916.0,A ESKANA  25/26,,,,485790,G.S Mandraikos,934940,Pera AS,96,81
14992677,basketball,finished,2025-11-03,1762194637000,22649,A EKASTH,1707,Greece Amateur,81875.0,A EKASTH 25/26,,,,523217,Dimokritos Ampelokipon,505156,APS Navarchos Votsis,64,51
14937853,basketball,finished,2025-11-03,1762195500000,21720,A1 ESKAH,1707,Greece Amateur,82455.0,A1 ESKAH 25/26,,,,501345,AS Arachovitika-Aktaiou,501346,AEP Olympias,69,54
14804024,basketball,notstarted,2025-11-03,1762195500000,28108,C ESKA,1707,Greece Amateur,81874.0,C ESKA 25/26,,,,853706,GS Vrilisia,522990,AO Filotheis,0,0
14618098,basketball,finished,2025-11-03,1762196400000,22595,A ESKA,1707,Greece Amateur,78554.0,A ESKA 25/26,,,,505138,Argonaytis Triglias Rafinas,521918,Poseidon Neou Psychikou,91,61
14618176,basketball,finished,2025-11-03,1762196400000,22649,A EKASTH,1707,Greece Amateur,81875.0,A EKASTH 25/26,,,,525726,Achilleas Triandrias,523213,Elpis Ampelokipon,70,64
14618180,basketball,finished,2025-11-03,1762196400000,22649,A EKASTH,1707,Greece Amateur,81875.0,A EKASTH 25/26,,,,523214,Anagennisi Neou Rysiou,523221,Maccabi Thessaloniki,53,66
14618179,basketball,finished,2025-11-03,1762196400000,22649,A EKASTH,1707,Greece Amateur,81875.0,A EKASTH 25/26,,,,525758,Keravnos Oraiokastrou,523219,Anatolia Sports,83,77
14698200,basketball,finished,2025-11-03,1762196400000,227,Germany BBL,111,Germany,79994.0,BBL 25/26,BMW Park,Munich,Germany,26071,Bayern München,35344,MLP Academics Heidelberg,93,81
14922049,basketball,finished,2025-11-03,1762196400000,10664,NCAA Women,15,USA,80280.0,"NCAA Women, Regular Season 25/26",,,,249081,Boise State Broncos,274016,Eastern Oregon Mountaineers,59,51
14922052,basketball,finished,2025-11-03,1762196400000,10664,NCAA Women,15,USA,80280.0,"NCAA Women, Regular Season 25/26",,,,216412,Duquesne Lady Dukes,271118,St Francis Red Flash,89,60
14922050,basketball,finished,2025-11-03,1762196400000,10664,NCAA Women,15,USA,80280.0,"NCAA Women, Regular Season 25/26",,,,216403,St. John's Red Storm,494911,Le Moyne Dolphins,68,53
14922051,basketball,finished,2025-11-03,1762196400000,10664,NCAA Women,15,USA,80280.0,"NCAA Women, Regular Season 25/26",,,,271166,Washington State Cougars,216393,Idaho Vandals,85,87
14677697,basketball,finished,2025-11-03,1762196400000,10664,NCAA Women,15,USA,80280.0,"NCAA Women, Regular Season 25/26",,,,271231,UTEP Miners,271141,Prairie View A&M Panthers,84,60
14937851,basketball,finished,2025-11-03,1762196400000,21720,A1 ESKAH,1707,Greece Amateur,82455.0,A1 ESKAH 25/26,,,,501343,AS Apollonias,501344,AO Dymis,82,83
14816723,basketball,notstarted,2025-11-03,1762196400000,29921,EKTH Cup,1707,Greece Amateur,84036.0,25/26,,,,1132700,Athinaiki Zythopoiia,1132697,SIDYP Spartakos Thessalonikis,0,0
14992681,basketball,finished,2025-11-03,1762196437000,22649,A EKASTH,1707,Greece Amateur,81875.0,A EKASTH 25/26,,,,505160,Ethnikos Lagynon,505157,GAS Vasilikon,94,70
14792763,basketball,finished,2025-11-03,1762196700000,20078,Israeli Women Basketball Premier League,188,Israel,83333.0,"WBL, Women 25/26",,,,269769,Elizur Holon,269872,Hapoel Rishon Letzion,89,71
14605369,basketball,finished,2025-11-03,1762197000000,1197,Israeli Basketball Super League,188,Israel,81980.0,Super League 25/26,Menora Mivtachim Arena,Tel Aviv,Israel,6655,Maccabi Tel Aviv,370732,Maccabi Urban Ramat Gan,84,81
14341205,basketball,finished,2025-11-03,1762198200000,14251,Serie B,107,Italy,79756.0,Serie B 25/26,,,,24512,Andrea Costa Imola,369729,Umana San Giobbe Chiusi,81,68
14612054,basketball,finished,2025-11-03,1762198200000,10664,NCAA Women,15,USA,80280.0,"NCAA Women, Regular Season 25/26",,,,271130,Vanderbilt Commodores,249076,California Golden Bears,72,65
14991461,basketball,finished,2025-11-03,1762198200000,19839,A ESKANA,1707,Greece Amateur,81916.0,A ESKANA  25/26,,,,309062,AE Renti,460095,Evryali,66,70
14991457,basketball,finished,2025-11-03,1762198200000,19839,A ESKANA,1707,Greece Amateur,81916.0,A ESKANA  25/26,,,,460092,G.A.S.K. Pigasos,493561,AO Varis,60,66
14991449,basketball,finished,2025-11-03,1762198200000,19839,A ESKANA,1707,Greece Amateur,81916.0,A ESKANA  25/26,,,,493562,Panelefsiniakos U23,267843,GS Ermis Peramatos,68,72
14991464,basketball,finished,2025-11-03,1762198200000,19839,A ESKANA,1707,Greece Amateur,81916.0,A ESKANA  25/26,,,,393355,Thria Aspropirgou,394536,AON Argyroupolis,66,63
14618108,basketball,finished,2025-11-03,1762199100000,22595,A ESKA,1707,Greece Amateur,78554.0,A ESKA 25/26,,,,831577,AO Karea,521915,Sporting BC,86,59
14618105,basketball,finished,2025-11-03,1762199100000,22595,A ESKA,1707,Greece Amateur,78554.0,A ESKA 25/26,,,,521913,OION Agiou Stefanou,522988,Filippos Peristeriou,83,55
14498146,basketball,finished,2025-11-03,1762200000000,648,NCAA Men,15,USA,80279.0,"NCAA, Regular Season 25/26",,,,34631,Stephen F Austin Lumberjacks,236892,Millsaps Majors,103,76
14203207,basketball,notstarted,2025-11-03,1762200000000,23100,Euroleague Cyber (CEL),1215,Virtual Basketball,77866.0,Euroleague Cyber (CEL) 25/26,,,,1105828,LDLC Asvel (Cyber),1105820,Virtus Bologna (Cyber),0,0
14850052,basketball,notstarted,2025-11-03,1762201800000,10664,NCAA Women,15,USA,80280.0,"NCAA Women, Regular Season 25/26",,,,273735,Texas A&M-Commerce Lions,376574,UNT Dallas Trailblazers,0,0
14989677,table-tennis,finished,2025-11-03,1762117200000,19039,Czech Liga Pro,1369,Czech Republic,,,,,,409910,Kasinski Z.,398486,Hruška Václav,1,3
14989678,table-tennis,finished,2025-11-03,1762117200000,19039,Czech Liga Pro,1369,Czech Republic,,,,,,412779,Pacha R.,413021,Sobisek M.,1,3
14989679,table-tennis,finished,2025-11-03,1762117200000,19039,Czech Liga Pro,1369,Czech Republic,,,,,,424538,Pavelka R.,484525,Janata T.,2,3
14989680,table-tennis,finished,2025-11-03,1762117200000,19039,Czech Liga Pro,1369,Czech Republic,,,,,,409844,Postelt V.,483153,Barta T.,1,3
14990057,table-tennis,finished,2025-11-03,1762117200000,19041,TT Elite Series,1340,Poland,,,,,,498321,Kumor M.,465297,Sawicki G.,3,2
14990058,table-tennis,finished,2025-11-03,1762117500000,19041,TT Elite Series,1340,Poland,,,,,,497845,Gaik K.,516927,Fabis A.,3,2
14990059,table-tennis,finished,2025-11-03,1762117800000,19041,TT Elite Series,1340,Poland,,,,,,410598,Glanowski J.,1043754,Piecowski M.,1,3
14990060,table-tennis,finished,2025-11-03,1762118100000,19041,TT Elite Series,1340,Poland,,,,,,524646,Brud S.,425387,Wisniewski K.,1,3
14992824,table-tennis,finished,2025-11-03,1762118100000,15005,TT Cup,1369,Czech Republic,,,,,,461074,Stapor Rafal,464814,Lysakowski M.,3,0
14990061,table-tennis,finished,2025-11-03,1762118400000,19041,TT Elite Series,1340,Poland,,,,,,1090508,Hetnar K.,1095572,Lebek M.,3,1
14990062,table-tennis,finished,2025-11-03,1762118400000,19041,TT Elite Series,1340,Poland,,,,,,459960,Schaniel Krzysztof,415463,Marud G.,3,2
14991048,table-tennis,finished,2025-11-03,1762118400000,15005,TT Cup,1369,Czech Republic,,,,,,1137041,Kolovratnik Petr,410359,Cermak J.,0,3
14991049,table-tennis,finished,2025-11-03,1762118700000,15005,TT Cup,1369,Czech Republic,,,,,,445964,Fiklik O.,355280,Kulisek M.,1,3
14989681,table-tennis,finished,2025-11-03,1762119000000,19039,Czech Liga Pro,1369,Czech Republic,,,,,,398476,Jiri Louda,524565,Vondrak M.,3,2
14989682,table-tennis,finished,2025-11-03,1762119000000,19039,Czech Liga Pro,1369,Czech Republic,,,,,,410437,Plachy J.,459426,Krticka L.,2,3
14989683,table-tennis,finished,2025-11-03,1762119000000,19039,Czech Liga Pro,1369,Czech Republic,,,,,,412635,Strnad J.,504558,Berdych P.,1,3
14989684,table-tennis,finished,2025-11-03,1762119000000,19039,Czech Liga Pro,1369,Czech Republic,,,,,,481656,Vedmoch M.,479553,Krok L.,1,3
14990063,table-tennis,finished,2025-11-03,1762119000000,19041,TT Elite Series,1340,Poland,,,,,,452846,Piecowski M.,463583,Kotyl W.,3,1
14990064,table-tennis,finished,2025-11-03,1762119300000,19041,TT Elite Series,1340,Poland,,,,,,414115,Misiak M.,410874,Mugowski A.,2,3
14990065,table-tennis,finished,2025-11-03,1762119600000,19041,TT Elite Series,1340,Poland,,,,,,459867,Kolodziej K.,412011,Kapik Krzysztof,3,2
14990066,table-tennis,finished,2025-11-03,1762119900000,19041,TT Elite Series,1340,Poland,,,,,,498796,Gumulinski P.,1124200,Urban W.,3,1
14990067,table-tennis,finished,2025-11-03,1762119900000,19041,TT Elite Series,1340,Poland,,,,,,1093860,Slosarczyk P.,1111777,Badura J.,0,3
14992825,table-tennis,finished,2025-11-03,1762119900000,15005,TT Cup,1369,Czech Republic,,,,,,416191,Warpas B.,446962,Galus M.,3,1
14991050,table-tennis,finished,2025-11-03,1762120200000,15005,TT Cup,1369,Czech Republic,,,,,,504158,Zacharda A.,452354,Framberk J.,0,3
14991051,table-tennis,finished,2025-11-03,1762120500000,15005,TT Cup,1369,Czech Republic,,,,,,355226,Bochnak D.,355280,Kulisek M.,3,1
14990068,table-tennis,finished,2025-11-03,1762120800000,19041,TT Elite Series,1340,Poland,,,,,,452846,Piecowski M.,412160,Burkacki M.,1,3
14990069,table-tennis,finished,2025-11-03,1762121100000,19041,TT Elite Series,1340,Poland,,,,,,497688,Baron M.,415463,Marud G.,3,1
14990070,table-tennis,finished,2025-11-03,1762121100000,19041,TT Elite Series,1340,Poland,,,,,,448751,Blocho P.,1043754,Piecowski M.,2,3
14990071,table-tennis,finished,2025-11-03,1762121400000,19041,TT Elite Series,1340,Poland,,,,,,412897,Kaczmarek J.,1095572,Lebek M.,3,2
14990072,table-tennis,finished,2025-11-03,1762121400000,19041,TT Elite Series,1340,Poland,,,,,,421061,Utylski R.,425387,Wisniewski K.,3,1
14990073,table-tennis,canceled,2025-11-03,1762122000000,19041,TT Elite Series,1340,Poland,,,,,,516927,Fabis A.,493485,Pawlowski K.,0,0
14992827,table-tennis,finished,2025-11-03,1762122000000,19041,TT Elite Series,1340,Poland,,,,,,516927,Fabis A.,411478,Skorski M.,0,3
14991052,table-tennis,finished,2025-11-03,1762122300000,15005,TT Cup,1369,Czech Republic,,,,,,523618,Cerny M.,445964,Fiklik O.,3,2
14990074,table-tennis,finished,2025-11-03,1762122600000,19041,TT Elite Series,1340,Poland,,,,,,414115,Misiak M.,445545,Linek A.,3,1
14990075,table-tennis,finished,2025-11-03,1762122600000,19041,TT Elite Series,1340,Poland,,,,,,459960,Schaniel Krzysztof,498796,Gumulinski P.,2,3
14990076,table-tennis,finished,2025-11-03,1762122900000,19041,TT Elite Series,1340,Poland,,,,,,1113907,Paszkiewicz M.,1111777,Badura J.,3,1
14990077,table-tennis,finished,2025-11-03,1762122900000,19041,TT Elite Series,1340,Poland,,,,,,478388,Perzynski P.,524646,Brud S.,0,3
14990078,table-tennis,canceled,2025-11-03,1762123500000,19041,TT Elite Series,1340,Poland,,,,,,452846,Piecowski M.,493485,Pawlowski K.,0,0
14992828,table-tennis,finished,2025-11-03,1762123500000,19041,TT Elite Series,1340,Poland,,,,,,452846,Piecowski M.,411478,Skorski M.,2,3
14990079,table-tennis,finished,2025-11-03,1762123800000,19041,TT Elite Series,1340,Poland,,,,,,448751,Blocho P.,445545,Linek A.,1,3
14990080,table-tennis,finished,2025-11-03,1762124100000,19041,TT Elite Series,1340,Poland,,,,,,478388,Perzynski P.,412011,Kapik Krzysztof,0,3
14990081,table-tennis,finished,2025-11-03,1762124100000,19041,TT Elite Series,1340,Poland,,,,,,1124200,Urban W.,467269,Pruszkowski J.,0,3
14989685,table-tennis,finished,2025-11-03,1762124400000,19039,Czech Liga Pro,1369,Czech Republic,,,,,,481784,Darin K.,496771,Parhomenko D.,0,3
14989686,table-tennis,finished,2025-11-03,1762124400000,19039,Czech Liga Pro,1369,Czech Republic,,,,,,409919,Klimenta M.,409838,Huk M.,2,3
14989687,table-tennis,finished,2025-11-03,1762124400000,19039,Czech Liga Pro,1369,Czech Republic,,,,,,484968,Petracek V.,355334,Mares E.,1,3
14990082,table-tennis,finished,2025-11-03,1762124400000,19041,TT Elite Series,1340,Poland,,,,,,1138224,Jesiek J.,1093860,Slosarczyk P.,3,0
14990083,table-tennis,finished,2025-11-03,1762125000000,19041,TT Elite Series,1340,Poland,,,,,,412160,Burkacki M.,516927,Fabis A.,2,3
14990084,table-tennis,finished,2025-11-03,1762125300000,19041,TT Elite Series,1340,Poland,,,,,,1043754,Piecowski M.,414115,Misiak M.,0,3
14990085,table-tennis,finished,2025-11-03,1762125600000,19041,TT Elite Series,1340,Poland,,,,,,497688,Baron M.,498796,Gumulinski P.,2,3
14990086,table-tennis,finished,2025-11-03,1762125600000,19041,TT Elite Series,1340,Poland,,,,,,524646,Brud S.,410598,Glanowski J.,3,0
14990087,table-tennis,finished,2025-11-03,1762125900000,19041,TT Elite Series,1340,Poland,,,,,,412897,Kaczmarek J.,1113907,Paszkiewicz M.,0,3
14989688,table-tennis,canceled,2025-11-03,1762126200000,19039,Czech Liga Pro,1369,Czech Republic,,,,,,519390,Olejarcik S.,409909,Andrle T.,0,0
14989689,table-tennis,finished,2025-11-03,1762126200000,19039,Czech Liga Pro,1369,Czech Republic,,,,,,409934,Postelt T.,481710,Vavrecka M.,3,2
14989690,table-tennis,finished,2025-11-03,1762126200000,19039,Czech Liga Pro,1369,Czech Republic,,,,,,425113,Svacha O.,508994,Volhejn D.,1,3
14990088,table-tennis,finished,2025-11-03,1762126500000,19041,TT Elite Series,1340,Poland,,,,,,452846,Piecowski M.,516927,Fabis A.,3,0
14990089,table-tennis,finished,2025-11-03,1762126800000,19041,TT Elite Series,1340,Poland,,,,,,448751,Blocho P.,414115,Misiak M.,2,3
14990090,table-tennis,finished,2025-11-03,1762126800000,19041,TT Elite Series,1340,Poland,,,,,,415463,Marud G.,467269,Pruszkowski J.,0,3
14990091,table-tennis,finished,2025-11-03,1762127100000,19041,TT Elite Series,1340,Poland,,,,,,478388,Perzynski P.,410598,Glanowski J.,3,1
14990092,table-tennis,finished,2025-11-03,1762127400000,19041,TT Elite Series,1340,Poland,,,,,,1093860,Slosarczyk P.,1095572,Lebek M.,0,3
14990093,table-tennis,canceled,2025-11-03,1762127700000,19041,TT Elite Series,1340,Poland,,,,,,493485,Pawlowski K.,412160,Burkacki M.,0,0
14992829,table-tennis,finished,2025-11-03,1762127700000,19041,TT Elite Series,1340,Poland,,,,,,411478,Skorski M.,412160,Burkacki M.,2,3
14989691,table-tennis,finished,2025-11-03,1762128000000,19039,Czech Liga Pro,1369,Czech Republic,,,,,,409838,Huk M.,410016,Ruzicka J.,2,3
14989692,table-tennis,finished,2025-11-03,1762128000000,19039,Czech Liga Pro,1369,Czech Republic,,,,,,355334,Mares E.,458856,Turek T.,3,0
14989693,table-tennis,finished,2025-11-03,1762128000000,19039,Czech Liga Pro,1369,Czech Republic,,,,,,496771,Parhomenko D.,481656,Vedmoch M.,0,3
14990094,table-tennis,finished,2025-11-03,1762128000000,19041,TT Elite Series,1340,Poland,,,,,,445545,Linek A.,1043754,Piecowski M.,2,3
14992826,table-tennis,finished,2025-11-03,1762128000000,15005,TT Cup,1369,Czech Republic,,,,,,463270,Wiekiera Arkadiusz,452315,Guzy K.,3,1
14993308,table-tennis,finished,2025-11-03,1762128300000,19041,TT Elite Series,1340,Poland,,,,,,412011,Kapik Krzysztof,524646,Brud S.,1,3
14993309,table-tennis,finished,2025-11-03,1762128300000,19041,TT Elite Series,1340,Poland,,,,,,459960,Schaniel Krzysztof,1124200,Urban W.,3,2
14993310,table-tennis,finished,2025-11-03,1762128600000,19041,TT Elite Series,1340,Poland,,,,,,1138224,Jesiek J.,1111777,Badura J.,3,0
14993311,table-tennis,finished,2025-11-03,1762129200000,19041,TT Elite Series,1340,Poland,,,,,,452846,Piecowski M.,412160,Burkacki M.,0,3
14993312,table-tennis,finished,2025-11-03,1762129500000,19041,TT Elite Series,1340,Poland,,,,,,448751,Blocho P.,1043754,Piecowski M.,3,2
14993058,table-tennis,finished,2025-11-03,1762129800000,19039,Czech Liga Pro,1369,Czech Republic,,,,,,484968,Petracek V.,409934,Postelt T.,0,3
14993303,table-tennis,finished,2025-11-03,1762129800000,15005,TT Cup,1369,Czech Republic,,,,,,501039,Jastrzebowski F.,1039961,Stojek K.,1,3
14993313,table-tennis,finished,2025-11-03,1762129800000,19041,TT Elite Series,1340,Poland,,,,,,498796,Gumulinski P.,467269,Pruszkowski J.,2,3
14993314,table-tennis,finished,2025-11-03,1762129800000,19041,TT Elite Series,1340,Poland,,,,,,478388,Perzynski P.,524646,Brud S.,3,1
14993056,table-tennis,canceled,2025-11-03,1762129800000,19039,Czech Liga Pro,1369,Czech Republic,,,,,,481784,Darin K.,519390,Olejarcik S.,0,0
14993057,table-tennis,finished,2025-11-03,1762129800000,19039,Czech Liga Pro,1369,Czech Republic,,,,,,409919,Klimenta M.,425113,Svacha O.,2,3
14993783,table-tennis,finished,2025-11-03,1762129800000,19039,Czech Liga Pro,1369,Czech Republic,,,,,,481784,Darin K.,1072203,Dedek J.,1,3
14993315,table-tennis,finished,2025-11-03,1762130100000,19041,TT Elite Series,1340,Poland,,,,,,1113907,Paszkiewicz M.,1095572,Lebek M.,1,3
14993316,table-tennis,canceled,2025-11-03,1762130700000,19041,TT Elite Series,1340,Poland,,,,,,516927,Fabis A.,493485,Pawlowski K.,0,0
14993317,table-tennis,finished,2025-11-03,1762130700000,19041,TT Elite Series,1340,Poland,,,,,,516927,Fabis A.,411478,Skorski M.,3,1
14993318,table-tennis,finished,2025-11-03,1762131000000,19041,TT Elite Series,1340,Poland,,,,,,414115,Misiak M.,445545,Linek A.,0,3
14993319,table-tennis,finished,2025-11-03,1762131300000,19041,TT Elite Series,1340,Poland,,,,,,497688,Baron M.,1124200,Urban W.,3,1
14993320,table-tennis,finished,2025-11-03,1762131300000,19041,TT Elite Series,1340,Poland,,,,,,410598,Glanowski J.,412011,Kapik Krzysztof,2,3
14993059,table-tennis,finished,2025-11-03,1762131600000,19039,Czech Liga Pro,1369,Czech Republic,,,,,,410016,Ruzicka J.,508994,Volhejn D.,3,2
14993060,table-tennis,finished,2025-11-03,1762131600000,19039,Czech Liga Pro,1369,Czech Republic,,,,,,458856,Turek T.,481710,Vavrecka M.,2,3
14993061,table-tennis,finished,2025-11-03,1762131600000,19039,Czech Liga Pro,1369,Czech Republic,,,,,,481656,Vedmoch M.,409909,Andrle T.,3,2
14993304,table-tennis,finished,2025-11-03,1762131600000,15005,TT Cup,1369,Czech Republic,,,,,,463270,Wiekiera Arkadiusz,1039961,Stojek K.,3,0
14993321,table-tennis,finished,2025-11-03,1762131600000,19041,TT Elite Series,1340,Poland,,,,,,412897,Kaczmarek J.,1138224,Jesiek J.,0,3
14993322,table-tennis,canceled,2025-11-03,1762132200000,19041,TT Elite Series,1340,Poland,,,,,,452846,Piecowski M.,493485,Pawlowski K.,0,0
14993323,table-tennis,finished,2025-11-03,1762132200000,19041,TT Elite Series,1340,Poland,,,,,,452846,Piecowski M.,411478,Skorski M.,3,1
14993324,table-tennis,finished,2025-11-03,1762132500000,19041,TT Elite Series,1340,Poland,,,,,,448751,Blocho P.,445545,Linek A.,3,0
14993325,table-tennis,finished,2025-11-03,1762132800000,19041,TT Elite Series,1340,Poland,,,,,,415463,Marud G.,459960,Schaniel Krzysztof,3,1
14993326,table-tennis,finished,2025-11-03,1762132800000,19041,TT Elite Series,1340,Poland,,,,,,478388,Perzynski P.,412011,Kapik Krzysztof,1,3
14993327,table-tennis,finished,2025-11-03,1762133100000,19041,TT Elite Series,1340,Poland,,,,,,1093860,Slosarczyk P.,1111777,Badura J.,2,3
14993062,table-tennis,finished,2025-11-03,1762133400000,19039,Czech Liga Pro,1369,Czech Republic,,,,,,409838,Huk M.,425113,Svacha O.,3,2
14993063,table-tennis,finished,2025-11-03,1762133400000,19039,Czech Liga Pro,1369,Czech Republic,,,,,,355334,Mares E.,409934,Postelt T.,3,2
14993064,table-tennis,canceled,2025-11-03,1762133400000,19039,Czech Liga Pro,1369,Czech Republic,,,,,,496771,Parhomenko D.,519390,Olejarcik S.,0,0
14993305,table-tennis,finished,2025-11-03,1762133400000,15005,TT Cup,1369,Czech Republic,,,,,,452315,Guzy K.,501039,Jastrzebowski F.,3,2
14993784,table-tennis,finished,2025-11-03,1762133400000,19039,Czech Liga Pro,1369,Czech Republic,,,,,,496771,Parhomenko D.,1072203,Dedek J.,2,3
14993330,table-tennis,finished,2025-11-03,1762133700000,19041,TT Elite Series,1340,Poland,,,,,,412160,Burkacki M.,516927,Fabis A.,0,3
14993331,table-tennis,finished,2025-11-03,1762134000000,19041,TT Elite Series,1340,Poland,,,,,,1043754,Piecowski M.,414115,Misiak M.,1,3
14993332,table-tennis,finished,2025-11-03,1762134300000,19041,TT Elite Series,1340,Poland,,,,,,524646,Brud S.,410598,Glanowski J.,2,3
14993333,table-tennis,finished,2025-11-03,1762134300000,19041,TT Elite Series,1340,Poland,,,,,,498796,Gumulinski P.,497688,Baron M.,0,3
14993335,table-tennis,finished,2025-11-03,1762134300000,19041,TT Elite Series,1340,Poland,,,,,,1113907,Paszkiewicz M.,1138224,Jesiek J.,1,3
14993065,table-tennis,finished,2025-11-03,1762135200000,19039,Czech Liga Pro,1369,Czech Republic,,,,,,409909,Andrle T.,481784,Darin K.,3,1
14993066,table-tennis,finished,2025-11-03,1762135200000,19039,Czech Liga Pro,1369,Czech Republic,,,,,,481710,Vavrecka M.,484968,Petracek V.,3,2
14993067,table-tennis,finished,2025-11-03,1762135200000,19039,Czech Liga Pro,1369,Czech Republic,,,,,,508994,Volhejn D.,409919,Klimenta M.,3,2
14993306,table-tennis,finished,2025-11-03,1762135200000,15005,TT Cup,1369,Czech Republic,,,,,,463270,Wiekiera Arkadiusz,501039,Jastrzebowski F.,3,2
14993336,table-tennis,finished,2025-11-03,1762135200000,19041,TT Elite Series,1340,Poland,,,,,,452846,Piecowski M.,516927,Fabis A.,3,1
14993337,table-tennis,finished,2025-11-03,1762135500000,19041,TT Elite Series,1340,Poland,,,,,,448751,Blocho P.,414115,Misiak M.,2,3
14993338,table-tennis,finished,2025-11-03,1762135800000,19041,TT Elite Series,1340,Poland,,,,,,412897,Kaczmarek J.,1093860,Slosarczyk P.,3,2
14993339,table-tennis,finished,2025-11-03,1762135800000,19041,TT Elite Series,1340,Poland,,,,,,478388,Perzynski P.,410598,Glanowski J.,3,2
14993340,table-tennis,finished,2025-11-03,1762135800000,19041,TT Elite Series,1340,Poland,,,,,,459960,Schaniel Krzysztof,467269,Pruszkowski J.,0,3
14993341,table-tennis,canceled,2025-11-03,1762136700000,19041,TT Elite Series,1340,Poland,,,,,,493485,Pawlowski K.,412160,Burkacki M.,0,0
14993342,table-tennis,finished,2025-11-03,1762136700000,19041,TT Elite Series,1340,Poland,,,,,,411478,Skorski M.,412160,Burkacki M.,3,0
14993068,table-tennis,canceled,2025-11-03,1762137000000,19039,Czech Liga Pro,1369,Czech Republic,,,,,,519390,Olejarcik S.,481656,Vedmoch M.,0,0
14993069,table-tennis,finished,2025-11-03,1762137000000,19039,Czech Liga Pro,1369,Czech Republic,,,,,,409934,Postelt T.,458856,Turek T.,3,1
14993070,table-tennis,finished,2025-11-03,1762137000000,19039,Czech Liga Pro,1369,Czech Republic,,,,,,425113,Svacha O.,410016,Ruzicka J.,1,3
14993307,table-tennis,finished,2025-11-03,1762137000000,15005,TT Cup,1369,Czech Republic,,,,,,1039961,Stojek K.,452315,Guzy K.,0,3
14993343,table-tennis,finished,2025-11-03,1762137000000,19041,TT Elite Series,1340,Poland,,,,,,445545,Linek A.,1043754,Piecowski M.,0,3
14993344,table-tennis,finished,2025-11-03,1762137000000,19041,TT Elite Series,1340,Poland,,,,,,415463,Marud G.,1124200,Urban W.,2,3
14993785,table-tennis,finished,2025-11-03,1762137000000,19039,Czech Liga Pro,1369,Czech Republic,,,,,,1072203,Dedek J.,481656,Vedmoch M.,2,3
14993345,table-tennis,finished,2025-11-03,1762137300000,19041,TT Elite Series,1340,Poland,,,,,,1111777,Badura J.,1095572,Lebek M.,0,3
14993346,table-tennis,finished,2025-11-03,1762137300000,19041,TT Elite Series,1340,Poland,,,,,,412011,Kapik Krzysztof,524646,Brud S.,3,0
14993347,table-tennis,finished,2025-11-03,1762138500000,19041,TT Elite Series,1340,Poland,,,,,,497688,Baron M.,467269,Pruszkowski J.,3,0
14993071,table-tennis,finished,2025-11-03,1762138800000,19039,Czech Liga Pro,1369,Czech Republic,,,,,,409909,Andrle T.,496771,Parhomenko D.,1,3
14993083,table-tennis,finished,2025-11-03,1762138800000,19039,Czech Liga Pro,1369,Czech Republic,,,,,,481710,Vavrecka M.,355334,Mares E.,3,1
14993084,table-tennis,finished,2025-11-03,1762138800000,19039,Czech Liga Pro,1369,Czech Republic,,,,,,508994,Volhejn D.,409838,Huk M.,1,3
14993348,table-tennis,finished,2025-11-03,1762138800000,19041,TT Elite Series,1340,Poland,,,,,,1113907,Paszkiewicz M.,1093860,Slosarczyk P.,3,1
14993353,table-tennis,finished,2025-11-03,1762138800000,19041,TT Elite Series,1340,Poland,,,,,,478388,Perzynski P.,524646,Brud S.,1,3
14993795,table-tennis,finished,2025-11-03,1762138800000,15005,TT Cup,1369,Czech Republic,,,,,,1039961,Stojek K.,501039,Jastrzebowski F.,2,3
14993354,table-tennis,finished,2025-11-03,1762140000000,19041,TT Elite Series,1340,Poland,,,,,,410598,Glanowski J.,412011,Kapik Krzysztof,2,3
14993355,table-tennis,finished,2025-11-03,1762140000000,19041,TT Elite Series,1340,Poland,,,,,,498796,Gumulinski P.,415463,Marud G.,3,2
14993356,table-tennis,finished,2025-11-03,1762140000000,19041,TT Elite Series,1340,Poland,,,,,,1138224,Jesiek J.,1095572,Lebek M.,3,0
14993085,table-tennis,finished,2025-11-03,1762140600000,19039,Czech Liga Pro,1369,Czech Republic,,,,,,410016,Ruzicka J.,409919,Klimenta M.,1,3
14993086,table-tennis,finished,2025-11-03,1762140600000,19039,Czech Liga Pro,1369,Czech Republic,,,,,,458856,Turek T.,484968,Petracek V.,3,2
14993089,table-tennis,finished,2025-11-03,1762140600000,19039,Czech Liga Pro,1369,Czech Republic,,,,,,481656,Vedmoch M.,481784,Darin K.,3,1
14993796,table-tennis,finished,2025-11-03,1762140600000,15005,TT Cup,1369,Czech Republic,,,,,,463270,Wiekiera Arkadiusz,452315,Guzy K.,2,3
14993357,table-tennis,finished,2025-11-03,1762141500000,19041,TT Elite Series,1340,Poland,,,,,,412897,Kaczmarek J.,1111777,Badura J.,0,3
14993358,table-tennis,finished,2025-11-03,1762141500000,19041,TT Elite Series,1340,Poland,,,,,,459960,Schaniel Krzysztof,1124200,Urban W.,3,0
14993786,table-tennis,finished,2025-11-03,1762142400000,19039,Czech Liga Pro,1369,Czech Republic,,,,,,355334,Mares E.,458856,Turek T.,0,3
14993787,table-tennis,finished,2025-11-03,1762142400000,19039,Czech Liga Pro,1369,Czech Republic,,,,,,496771,Parhomenko D.,409909,Andrle T.,3,1
14993788,table-tennis,finished,2025-11-03,1762142400000,19039,Czech Liga Pro,1369,Czech Republic,,,,,,508994,Volhejn D.,409919,Klimenta M.,0,3
14993894,table-tennis,finished,2025-11-03,1762142400000,19041,TT Elite Series,1340,Poland,,,,,,412549,Radlo S.,413684,Minda M.,3,1
14993895,table-tennis,finished,2025-11-03,1762142400000,19041,TT Elite Series,1340,Poland,,,,,,462050,Wisniewski B.,1099486,Lukaszewski M.,1,3
14993359,table-tennis,finished,2025-11-03,1762142700000,19041,TT Elite Series,1340,Poland,,,,,,497688,Baron M.,415463,Marud G.,1,3
14993896,table-tennis,finished,2025-11-03,1762142700000,19041,TT Elite Series,1340,Poland,,,,,,483593,Wloczko K.,482656,Nowalinski M.,2,3
14993897,table-tennis,finished,2025-11-03,1762143000000,19041,TT Elite Series,1340,Poland,,,,,,410600,Lewczuk M.,1123187,Fomin A.,3,0
14993898,table-tennis,finished,2025-11-03,1762143600000,19041,TT Elite Series,1340,Poland,,,,,,459928,Kotyl K.,448751,Blocho P.,0,3
14993899,table-tennis,finished,2025-11-03,1762143900000,19041,TT Elite Series,1340,Poland,,,,,,455526,Poliniewicz G.,412491,Lilien A.,3,0
14993360,table-tennis,finished,2025-11-03,1762144200000,19041,TT Elite Series,1340,Poland,,,,,,498796,Gumulinski P.,459960,Schaniel Krzysztof,3,0
14993789,table-tennis,finished,2025-11-03,1762144200000,19039,Czech Liga Pro,1369,Czech Republic,,,,,,409838,Huk M.,410016,Ruzicka J.,0,3
14993790,table-tennis,finished,2025-11-03,1762144200000,19039,Czech Liga Pro,1369,Czech Republic,,,,,,409934,Postelt T.,481710,Vavrecka M.,1,3
14993791,table-tennis,finished,2025-11-03,1762144200000,19039,Czech Liga Pro,1369,Czech Republic,,,,,,481656,Vedmoch M.,1072203,Dedek J.,0,3
14993900,table-tennis,finished,2025-11-03,1762144200000,19041,TT Elite Series,1340,Poland,,,,,,425387,Wisniewski K.,410488,Balcerzak M.,3,2
14993901,table-tennis,finished,2025-11-03,1762144500000,19041,TT Elite Series,1340,Poland,,,,,,460759,Janus Slawomir,466770,Wolny M.,0,3
14993902,table-tennis,finished,2025-11-03,1762145100000,19041,TT Elite Series,1340,Poland,,,,,,462050,Wisniewski B.,448751,Blocho P.,1,3
14993903,table-tennis,finished,2025-11-03,1762145400000,19041,TT Elite Series,1340,Poland,,,,,,445545,Linek A.,853696,Kujawa F.,3,1
14993361,table-tennis,finished,2025-11-03,1762145700000,19041,TT Elite Series,1340,Poland,,,,,,1124200,Urban W.,467269,Pruszkowski J.,2,3
14993782,table-tennis,finished,2025-11-03,1762145700000,19041,TT Elite Series,1340,Poland,,,,,,266892,Sklensky M.,415467,Jarocki L.,1,3
14993904,table-tennis,finished,2025-11-03,1762146000000,19041,TT Elite Series,1340,Poland,,,,,,305602,Golebiowski M.,410872,Felkel G.,3,1
14993905,table-tennis,finished,2025-11-03,1762146000000,19041,TT Elite Series,1340,Poland,,,,,,1105729,Stechly W.,462049,Warzecha M.,1,3
14993906,table-tennis,finished,2025-11-03,1762146600000,19041,TT Elite Series,1340,Poland,,,,,,1099486,Lukaszewski M.,459928,Kotyl K.,3,1
14993907,table-tennis,finished,2025-11-03,1762146600000,19041,TT Elite Series,1340,Poland,,,,,,412549,Radlo S.,455526,Poliniewicz G.,2,3
14993908,table-tennis,finished,2025-11-03,1762146900000,19041,TT Elite Series,1340,Poland,,,,,,483593,Wloczko K.,425387,Wisniewski K.,1,3
14993362,table-tennis,finished,2025-11-03,1762147200000,19041,TT Elite Series,1340,Poland,,,,,,497688,Baron M.,459960,Schaniel Krzysztof,0,3
14993909,table-tennis,finished,2025-11-03,1762147200000,19041,TT Elite Series,1340,Poland,,,,,,483087,Michna D.,268036,Zandecki J.,3,2
14993910,table-tennis,finished,2025-11-03,1762147500000,19041,TT Elite Series,1340,Poland,,,,,,410600,Lewczuk M.,460759,Janus Slawomir,1,3
14993911,table-tennis,finished,2025-11-03,1762147800000,19041,TT Elite Series,1340,Poland,,,,,,853696,Kujawa F.,413684,Minda M.,0,3
14993912,table-tennis,finished,2025-11-03,1762148100000,19041,TT Elite Series,1340,Poland,,,,,,415467,Jarocki L.,482656,Nowalinski M.,3,1
14993913,table-tennis,finished,2025-11-03,1762148100000,19041,TT Elite Series,1340,Poland,,,,,,462050,Wisniewski B.,459928,Kotyl K.,3,1
14993363,table-tennis,finished,2025-11-03,1762148400000,19041,TT Elite Series,1340,Poland,,,,,,415463,Marud G.,467269,Pruszkowski J.,3,1
14993914,table-tennis,finished,2025-11-03,1762148400000,19041,TT Elite Series,1340,Poland,,,,,,416614,Cyrnek P.,205638,Kosowski J.,3,2
14993915,table-tennis,finished,2025-11-03,1762149000000,19041,TT Elite Series,1340,Poland,,,,,,462049,Warzecha M.,1123187,Fomin A.,3,0
14993916,table-tennis,finished,2025-11-03,1762149300000,19041,TT Elite Series,1340,Poland,,,,,,445545,Linek A.,412491,Lilien A.,1,3
14993797,table-tennis,finished,2025-11-03,1762149600000,15005,TT Cup,1369,Czech Republic,,,,,,462025,Kolek M.,511646,Sulkowski B.,3,0
14993917,table-tennis,finished,2025-11-03,1762149600000,19041,TT Elite Series,1340,Poland,,,,,,448751,Blocho P.,1099486,Lukaszewski M.,0,3
14993918,table-tennis,finished,2025-11-03,1762149600000,19041,TT Elite Series,1340,Poland,,,,,,266892,Sklensky M.,410488,Balcerzak M.,3,1
14993364,table-tennis,finished,2025-11-03,1762149900000,19041,TT Elite Series,1340,Poland,,,,,,498796,Gumulinski P.,1124200,Urban W.,3,2
14993919,table-tennis,finished,2025-11-03,1762149900000,19041,TT Elite Series,1340,Poland,,,,,,305602,Golebiowski M.,483087,Michna D.,1,3
14993920,table-tennis,finished,2025-11-03,1762150200000,19041,TT Elite Series,1340,Poland,,,,,,1105729,Stechly W.,466770,Wolny M.,0,3
14993921,table-tennis,finished,2025-11-03,1762150500000,19041,TT Elite Series,1340,Poland,,,,,,455526,Poliniewicz G.,413684,Minda M.,3,1
14993922,table-tennis,finished,2025-11-03,1762150800000,19041,TT Elite Series,1340,Poland,,,,,,425387,Wisniewski K.,482656,Nowalinski M.,2,3
14993923,table-tennis,finished,2025-11-03,1762151100000,19041,TT Elite Series,1340,Poland,,,,,,205638,Kosowski J.,410872,Felkel G.,3,0
14993924,table-tennis,finished,2025-11-03,1762151100000,19041,TT Elite Series,1340,Poland,,,,,,462050,Wisniewski B.,1099486,Lukaszewski M.,3,0
14993798,table-tennis,finished,2025-11-03,1762151400000,15005,TT Cup,1369,Czech Republic,,,,,,461074,Stapor Rafal,446962,Galus M.,3,1
14993925,table-tennis,finished,2025-11-03,1762151400000,19041,TT Elite Series,1340,Poland,,,,,,459747,Fomin Y.,459045,Slawinski K.,1,3
14993926,table-tennis,finished,2025-11-03,1762151700000,19041,TT Elite Series,1340,Poland,,,,,,460759,Janus Slawomir,1123187,Fomin A.,1,3
14993927,table-tennis,finished,2025-11-03,1762152000000,19041,TT Elite Series,1340,Poland,,,,,,412549,Radlo S.,445545,Linek A.,3,1
14993928,table-tennis,finished,2025-11-03,1762152300000,19041,TT Elite Series,1340,Poland,,,,,,483593,Wloczko K.,266892,Sklensky M.,0,3
14993929,table-tennis,finished,2025-11-03,1762152600000,19041,TT Elite Series,1340,Poland,,,,,,416614,Cyrnek P.,268036,Zandecki J.,1,3
14993930,table-tennis,finished,2025-11-03,1762152600000,19041,TT Elite Series,1340,Poland,,,,,,459928,Kotyl K.,448751,Blocho P.,3,0
14993931,table-tennis,finished,2025-11-03,1762152900000,19041,TT Elite Series,1340,Poland,,,,,,800664,Wichowski G.,1097893,Jurowicz G.,3,1
14993116,table-tennis,finished,2025-11-03,1762153200000,19039,Czech Liga Pro,1369,Czech Republic,,,,,,470122,Chalupnicek M.,412636,Potensky J.,3,0
14993127,table-tennis,finished,2025-11-03,1762153200000,19039,Czech Liga Pro,1369,Czech Republic,,,,,,458691,Jan S.,409846,Hasmanda R.,2,3
14993131,table-tennis,finished,2025-11-03,1762153200000,19039,Czech Liga Pro,1369,Czech Republic,,,,,,409849,Tuma Daniel,414395,Hradecky J.,2,3
14993132,table-tennis,finished,2025-11-03,1762153200000,19039,Czech Liga Pro,1369,Czech Republic,,,,,,410354,Varcl J.,410299,Belovsky J.,3,1
14993799,table-tennis,finished,2025-11-03,1762153200000,15005,TT Cup,1369,Czech Republic,,,,,,445857,Gola P.,445385,Stepien M.,0,3
14993932,table-tennis,finished,2025-11-03,1762153200000,19041,TT Elite Series,1340,Poland,,,,,,410600,Lewczuk M.,1105729,Stechly W.,3,2
14993800,table-tennis,finished,2025-11-03,1762153500000,15005,TT Cup,1369,Czech Republic,,,,,,414113,Wloszek S.,462083,Molka B.,3,1
14993933,table-tennis,finished,2025-11-03,1762153500000,19041,TT Elite Series,1340,Poland,,,,,,853696,Kujawa F.,412491,Lilien A.,3,2
14993934,table-tennis,finished,2025-11-03,1762153800000,19041,TT Elite Series,1340,Poland,,,,,,415467,Jarocki L.,410488,Balcerzak M.,0,3
14993935,table-tennis,finished,2025-11-03,1762154100000,19041,TT Elite Series,1340,Poland,,,,,,483087,Michna D.,410872,Felkel G.,3,2
14993936,table-tennis,finished,2025-11-03,1762154100000,19041,TT Elite Series,1340,Poland,,,,,,462050,Wisniewski B.,448751,Blocho P.,3,0
14993801,table-tennis,finished,2025-11-03,1762154400000,15005,TT Cup,1369,Czech Republic,,,,,,460888,Spiegel J.,409857,Mutl D.,2,3
14993937,table-tennis,finished,2025-11-03,1762154400000,19041,TT Elite Series,1340,Poland,,,,,,459927,Buczynski W.,454798,Skotniczny R.,3,0
14993938,table-tennis,finished,2025-11-03,1762154700000,19041,TT Elite Series,1340,Poland,,,,,,462049,Warzecha M.,466770,Wolny M.,3,0
14992715,table-tennis,finished,2025-11-03,1762155000000,9410,Challenger Series,145,Germany,85721.0,Challenger Series 2025 Week 45,"Ochsenhausen, Germany",Ochsenhausen,Germany,292218,Juhasz P.,1142174,Cseri A.,3,1
14993133,table-tennis,finished,2025-11-03,1762155000000,19039,Czech Liga Pro,1369,Czech Republic,,,,,,1110276,Havel J.,410015,Smrcek M.,1,3
14993134,table-tennis,finished,2025-11-03,1762155000000,19039,Czech Liga Pro,1369,Czech Republic,,,,,,469821,Malek L.,410132,Havlicek V.,3,2
14993135,table-tennis,finished,2025-11-03,1762155000000,19039,Czech Liga Pro,1369,Czech Republic,,,,,,410020,Sprynar P.,522792,Grohsgott J.,3,0
14993144,table-tennis,finished,2025-11-03,1762155000000,19039,Czech Liga Pro,1369,Czech Republic,,,,,,458743,Zuzanek J.,456912,Hlawatschke A.,2,3
14993802,table-tennis,finished,2025-11-03,1762155000000,15005,TT Cup,1369,Czech Republic,,,,,,462025,Kolek M.,446962,Galus M.,3,2
14993939,table-tennis,finished,2025-11-03,1762155000000,19041,TT Elite Series,1340,Poland,,,,,,455526,Poliniewicz G.,445545,Linek A.,2,3
14993803,table-tennis,finished,2025-11-03,1762155300000,15005,TT Cup,1369,Czech Republic,,,,,,502715,Golaszewski K.,506374,Sulkowski K.,2,3
14993940,table-tennis,finished,2025-11-03,1762155300000,19041,TT Elite Series,1340,Poland,,,,,,425387,Wisniewski K.,266892,Sklensky M.,0,3
14993804,table-tennis,finished,2025-11-03,1762155600000,15005,TT Cup,1369,Czech Republic,,,,,,1086282,Jose R.,486144,Penalva C.,2,3
14993941,table-tennis,finished,2025-11-03,1762155600000,19041,TT Elite Series,1340,Poland,,,,,,305602,Golebiowski M.,416614,Cyrnek P.,3,1
14993942,table-tennis,finished,2025-11-03,1762155600000,19041,TT Elite Series,1340,Poland,,,,,,1099486,Lukaszewski M.,459928,Kotyl K.,3,2
14993943,table-tennis,finished,2025-11-03,1762155900000,19041,TT Elite Series,1340,Poland,,,,,,459747,Fomin Y.,800664,Wichowski G.,1,3
14993944,table-tennis,finished,2025-11-03,1762155900000,19041,TT Elite Series,1340,Poland,,,,,,460759,Janus Slawomir,1105729,Stechly W.,3,1
14993805,table-tennis,finished,2025-11-03,1762156200000,15005,TT Cup,1369,Czech Republic,,,,,,1138861,Jurena D.,420844,Hruska V.,2,3
14993806,table-tennis,finished,2025-11-03,1762156500000,15005,TT Cup,1369,Czech Republic,,,,,,475170,Vojna Daniel,410571,Chlumsky P.,3,1
14993945,table-tennis,finished,2025-11-03,1762156500000,19041,TT Elite Series,1340,Poland,,,,,,412549,Radlo S.,853696,Kujawa F.,3,1
14992724,table-tennis,finished,2025-11-03,1762156800000,9410,Challenger Series,145,Germany,85721.0,Challenger Series 2025 Week 45,"Ochsenhausen, Germany",Ochsenhausen,Germany,938277,Koloidenko P.,235448,Efimov V.,0,3
14993159,table-tennis,finished,2025-11-03,1762156800000,19039,Czech Liga Pro,1369,Czech Republic,,,,,,410299,Belovsky J.,469821,Malek L.,2,3
14993177,table-tennis,finished,2025-11-03,1762156800000,19039,Czech Liga Pro,1369,Czech Republic,,,,,,409846,Hasmanda R.,1110276,Havel J.,2,3
14993178,table-tennis,finished,2025-11-03,1762156800000,19039,Czech Liga Pro,1369,Czech Republic,,,,,,414395,Hradecky J.,458743,Zuzanek J.,3,2
14993185,table-tennis,finished,2025-11-03,1762156800000,19039,Czech Liga Pro,1369,Czech Republic,,,,,,412636,Potensky J.,410020,Sprynar P.,3,2
14993807,table-tennis,finished,2025-11-03,1762156800000,15005,TT Cup,1369,Czech Republic,,,,,,445385,Stepien M.,511646,Sulkowski B.,3,2
14993808,table-tennis,finished,2025-11-03,1762157100000,15005,TT Cup,1369,Czech Republic,,,,,,550812,Turecki K.,1055429,Zebala M.,2,3
14993946,table-tennis,finished,2025-11-03,1762157100000,19041,TT Elite Series,1340,Poland,,,,,,462050,Wisniewski B.,459928,Kotyl K.,3,2
14993809,table-tennis,finished,2025-11-03,1762157400000,15005,TT Cup,1369,Czech Republic,,,,,,1107304,Vega S.,937006,Cambronero A.,3,2
14993947,table-tennis,finished,2025-11-03,1762157400000,19041,TT Elite Series,1340,Poland,,,,,,410600,Lewczuk M.,462049,Warzecha M.,0,3
14993948,table-tennis,finished,2025-11-03,1762157400000,19041,TT Elite Series,1340,Poland,,,,,,454798,Skotniczny R.,459045,Slawinski K.,3,2
14993949,table-tennis,finished,2025-11-03,1762157400000,19041,TT Elite Series,1340,Poland,,,,,,483593,Wloczko K.,415467,Jarocki L.,3,2
14993950,table-tennis,finished,2025-11-03,1762157700000,19041,TT Elite Series,1340,Poland,,,,,,205638,Kosowski J.,268036,Zandecki J.,3,2
14993810,table-tennis,finished,2025-11-03,1762158000000,15005,TT Cup,1369,Czech Republic,,,,,,460888,Spiegel J.,420844,Hruska V.,2,3
14993951,table-tennis,finished,2025-11-03,1762158000000,19041,TT Elite Series,1340,Poland,,,,,,412491,Lilien A.,413684,Minda M.,3,0
14993811,table-tennis,finished,2025-11-03,1762158300000,15005,TT Cup,1369,Czech Republic,,,,,,355215,Filipek M.,1097952,Fiala J.,0,3
14992720,table-tennis,finished,2025-11-03,1762158600000,9410,Challenger Series,145,Germany,85721.0,Challenger Series 2025 Week 45,"Ochsenhausen, Germany",Ochsenhausen,Germany,503972,Maragioglio F.,1091589,Walter K.,3,1
14993186,table-tennis,finished,2025-11-03,1762158600000,19039,Czech Liga Pro,1369,Czech Republic,,,,,,522792,Grohsgott J.,470122,Chalupnicek M.,1,3
14993187,table-tennis,finished,2025-11-03,1762158600000,19039,Czech Liga Pro,1369,Czech Republic,,,,,,410132,Havlicek V.,410354,Varcl J.,3,1
14993188,table-tennis,finished,2025-11-03,1762158600000,19039,Czech Liga Pro,1369,Czech Republic,,,,,,456912,Hlawatschke A.,409849,Tuma Daniel,3,0
14993189,table-tennis,finished,2025-11-03,1762158600000,19039,Czech Liga Pro,1369,Czech Republic,,,,,,410015,Smrcek M.,458691,Jan S.,3,1
14993812,table-tennis,finished,2025-11-03,1762158600000,15005,TT Cup,1369,Czech Republic,,,,,,461074,Stapor Rafal,445857,Gola P.,2,3
14993952,table-tennis,finished,2025-11-03,1762158600000,19041,TT Elite Series,1340,Poland,,,,,,448751,Blocho P.,1099486,Lukaszewski M.,3,1
14993953,table-tennis,finished,2025-11-03,1762158600000,19041,TT Elite Series,1340,Poland,,,,,,459927,Buczynski W.,1097893,Jurowicz G.,1,3
14993813,table-tennis,finished,2025-11-03,1762158900000,15005,TT Cup,1369,Czech Republic,,,,,,414113,Wloszek S.,506374,Sulkowski K.,3,0
14993954,table-tennis,finished,2025-11-03,1762158900000,19041,TT Elite Series,1340,Poland,,,,,,410488,Balcerzak M.,482656,Nowalinski M.,1,3
14993955,table-tennis,finished,2025-11-03,1762158900000,19041,TT Elite Series,1340,Poland,,,,,,466770,Wolny M.,1123187,Fomin A.,3,0
14993814,table-tennis,finished,2025-11-03,1762159200000,15005,TT Cup,1369,Czech Republic,,,,,,1086282,Jose R.,937006,Cambronero A.,3,1
14993956,table-tennis,finished,2025-11-03,1762159200000,19041,TT Elite Series,1340,Poland,,,,,,483087,Michna D.,416614,Cyrnek P.,2,3
14993957,table-tennis,finished,2025-11-03,1762159500000,19041,TT Elite Series,1340,Poland,,,,,,455526,Poliniewicz G.,853696,Kujawa F.,3,0
14993815,table-tennis,finished,2025-11-03,1762159800000,15005,TT Cup,1369,Czech Republic,,,,,,409857,Mutl D.,1138861,Jurena D.,3,1
14993816,table-tennis,finished,2025-11-03,1762160100000,15005,TT Cup,1369,Czech Republic,,,,,,475170,Vojna Daniel,1097952,Fiala J.,3,1
14993958,table-tennis,finished,2025-11-03,1762160100000,19041,TT Elite Series,1340,Poland,,,,,,800664,Wichowski G.,459045,Slawinski K.,2,3
14993959,table-tennis,finished,2025-11-03,1762160100000,19041,TT Elite Series,1340,Poland,,,,,,425387,Wisniewski K.,415467,Jarocki L.,1,3
14992730,table-tennis,finished,2025-11-03,1762160400000,9410,Challenger Series,145,Germany,85721.0,Challenger Series 2025 Week 45,"Ochsenhausen, Germany",Ochsenhausen,Germany,1142173,Harencak J.,340137,Turrini R.,0,3
14993190,table-tennis,finished,2025-11-03,1762160400000,19039,Czech Liga Pro,1369,Czech Republic,,,,,,470122,Chalupnicek M.,410020,Sprynar P.,3,1
14993191,table-tennis,finished,2025-11-03,1762160400000,19039,Czech Liga Pro,1369,Czech Republic,,,,,,458691,Jan S.,1110276,Havel J.,3,0
14993195,table-tennis,finished,2025-11-03,1762160400000,19039,Czech Liga Pro,1369,Czech Republic,,,,,,409849,Tuma Daniel,458743,Zuzanek J.,1,3
14993196,table-tennis,finished,2025-11-03,1762160400000,19039,Czech Liga Pro,1369,Czech Republic,,,,,,410354,Varcl J.,469821,Malek L.,0,3
14993817,table-tennis,finished,2025-11-03,1762160400000,15005,TT Cup,1369,Czech Republic,,,,,,462025,Kolek M.,445385,Stepien M.,1,3
14993960,table-tennis,finished,2025-11-03,1762160400000,19041,TT Elite Series,1340,Poland,,,,,,305602,Golebiowski M.,205638,Kosowski J.,3,0
14993961,table-tennis,finished,2025-11-03,1762160400000,19041,TT Elite Series,1340,Poland,,,,,,460759,Janus Slawomir,462049,Warzecha M.,3,1
14993818,table-tennis,finished,2025-11-03,1762160700000,15005,TT Cup,1369,Czech Republic,,,,,,1055429,Zebala M.,462083,Molka B.,2,3
14993819,table-tennis,finished,2025-11-03,1762161000000,15005,TT Cup,1369,Czech Republic,,,,,,486144,Penalva C.,1107304,Vega S.,2,3
14993962,table-tennis,finished,2025-11-03,1762161000000,19041,TT Elite Series,1340,Poland,,,,,,445545,Linek A.,413684,Minda M.,1,3
14993820,table-tennis,finished,2025-11-03,1762161600000,15005,TT Cup,1369,Czech Republic,,,,,,460888,Spiegel J.,1138861,Jurena D.,3,0
14993963,table-tennis,finished,2025-11-03,1762161600000,19041,TT Elite Series,1340,Poland,,,,,,459747,Fomin Y.,459927,Buczynski W.,3,2
14993964,table-tennis,finished,2025-11-03,1762161600000,19041,TT Elite Series,1340,Poland,,,,,,266892,Sklensky M.,482656,Nowalinski M.,1,3
14993965,table-tennis,finished,2025-11-03,1762161600000,19041,TT Elite Series,1340,Poland,,,,,,1105729,Stechly W.,1123187,Fomin A.,1,3
14993821,table-tennis,finished,2025-11-03,1762161900000,15005,TT Cup,1369,Czech Republic,,,,,,410571,Chlumsky P.,355215,Filipek M.,3,1
14993966,table-tennis,finished,2025-11-03,1762161900000,19041,TT Elite Series,1340,Poland,,,,,,268036,Zandecki J.,410872,Felkel G.,3,1
14992728,table-tennis,finished,2025-11-03,1762162200000,9410,Challenger Series,145,Germany,85721.0,Challenger Series 2025 Week 45,"Ochsenhausen, Germany",Ochsenhausen,Germany,292218,Juhasz P.,938277,Koloidenko P.,2,3
14993197,table-tennis,finished,2025-11-03,1762162200000,19039,Czech Liga Pro,1369,Czech Republic,,,,,,410299,Belovsky J.,410132,Havlicek V.,3,2
14993198,table-tennis,finished,2025-11-03,1762162200000,19039,Czech Liga Pro,1369,Czech Republic,,,,,,409846,Hasmanda R.,410015,Smrcek M.,0,3
14993199,table-tennis,finished,2025-11-03,1762162200000,19039,Czech Liga Pro,1369,Czech Republic,,,,,,414395,Hradecky J.,456912,Hlawatschke A.,3,2
14993204,table-tennis,finished,2025-11-03,1762162200000,19039,Czech Liga Pro,1369,Czech Republic,,,,,,412636,Potensky J.,522792,Grohsgott J.,3,0
14993822,table-tennis,finished,2025-11-03,1762162200000,15005,TT Cup,1369,Czech Republic,,,,,,445857,Gola P.,446962,Galus M.,1,3
14993823,table-tennis,finished,2025-11-03,1762162500000,15005,TT Cup,1369,Czech Republic,,,,,,502715,Golaszewski K.,550812,Turecki K.,1,3
14993967,table-tennis,finished,2025-11-03,1762162500000,19041,TT Elite Series,1340,Poland,,,,,,412549,Radlo S.,412491,Lilien A.,1,3
14993824,table-tennis,finished,2025-11-03,1762162800000,15005,TT Cup,1369,Czech Republic,,,,,,1086282,Jose R.,1107304,Vega S.,0,3
14993968,table-tennis,finished,2025-11-03,1762163100000,19041,TT Elite Series,1340,Poland,,,,,,410600,Lewczuk M.,466770,Wolny M.,3,2
14993969,table-tennis,finished,2025-11-03,1762163100000,19041,TT Elite Series,1340,Poland,,,,,,454798,Skotniczny R.,1097893,Jurowicz G.,3,2
14993970,table-tennis,finished,2025-11-03,1762163100000,19041,TT Elite Series,1340,Poland,,,,,,483593,Wloczko K.,410488,Balcerzak M.,3,0
14993825,table-tennis,finished,2025-11-03,1762163400000,15005,TT Cup,1369,Czech Republic,,,,,,420844,Hruska V.,409857,Mutl D.,3,1
14993971,table-tennis,finished,2025-11-03,1762163400000,19041,TT Elite Series,1340,Poland,,,,,,483087,Michna D.,205638,Kosowski J.,0,3
14993826,table-tennis,finished,2025-11-03,1762163700000,15005,TT Cup,1369,Czech Republic,,,,,,475170,Vojna Daniel,355215,Filipek M.,2,3
14992731,table-tennis,finished,2025-11-03,1762164000000,9410,Challenger Series,145,Germany,85721.0,Challenger Series 2025 Week 45,"Ochsenhausen, Germany",Ochsenhausen,Germany,503972,Maragioglio F.,235448,Efimov V.,1,3
14993827,table-tennis,finished,2025-11-03,1762164000000,15005,TT Cup,1369,Czech Republic,,,,,,461074,Stapor Rafal,511646,Sulkowski B.,3,0
14993972,table-tennis,finished,2025-11-03,1762164000000,19041,TT Elite Series,1340,Poland,,,,,,463583,Kotyl W.,462050,Wisniewski B.,1,3
14993973,table-tennis,finished,2025-11-03,1762164000000,19041,TT Elite Series,1340,Poland,,,,,,853696,Kujawa F.,413684,Minda M.,2,3
14999930,table-tennis,finished,2025-11-03,1762164000000,19039,Czech Liga Pro,1369,Czech Republic,,,,,,409846,Hasmanda R.,1110276,Havel J.,3,2
14999931,table-tennis,finished,2025-11-03,1762164000000,19039,Czech Liga Pro,1369,Czech Republic,,,,,,410020,Sprynar P.,522792,Grohsgott J.,2,3
14999932,table-tennis,finished,2025-11-03,1762164000000,19039,Czech Liga Pro,1369,Czech Republic,,,,,,458743,Zuzanek J.,409849,Tuma Daniel,0,3
15000174,table-tennis,finished,2025-11-03,1762164180000,19039,Czech Liga Pro,1369,Czech Republic,,,,,,410299,Belovsky J.,410354,Varcl J.,2,3
14993828,table-tennis,finished,2025-11-03,1762164300000,15005,TT Cup,1369,Czech Republic,,,,,,414113,Wloszek S.,1055429,Zebala M.,3,2
14993974,table-tennis,finished,2025-11-03,1762164300000,19041,TT Elite Series,1340,Poland,,,,,,266892,Sklensky M.,415467,Jarocki L.,1,3
14993975,table-tennis,finished,2025-11-03,1762164300000,19041,TT Elite Series,1340,Poland,,,,,,800664,Wichowski G.,459927,Buczynski W.,0,3
14993829,table-tennis,finished,2025-11-03,1762164600000,15005,TT Cup,1369,Czech Republic,,,,,,937006,Cambronero A.,486144,Penalva C.,1,3
14993976,table-tennis,finished,2025-11-03,1762164600000,19041,TT Elite Series,1340,Poland,,,,,,416614,Cyrnek P.,410872,Felkel G.,0,3
14993977,table-tennis,finished,2025-11-03,1762165200000,19041,TT Elite Series,1340,Poland,,,,,,411645,Gluszek W.,459928,Kotyl K.,3,2
14993830,table-tennis,finished,2025-11-03,1762165500000,15005,TT Cup,1369,Czech Republic,,,,,,1097952,Fiala J.,410571,Chlumsky P.,2,3
14993978,table-tennis,finished,2025-11-03,1762165500000,19041,TT Elite Series,1340,Poland,,,,,,412549,Radlo S.,410874,Mugowski A.,1,3
14992711,table-tennis,finished,2025-11-03,1762165800000,9410,Challenger Series,145,Germany,85721.0,Challenger Series 2025 Week 45,"Ochsenhausen, Germany",Ochsenhausen,Germany,1142173,Harencak J.,1091589,Walter K.,1,3
14993831,table-tennis,finished,2025-11-03,1762165800000,15005,TT Cup,1369,Czech Republic,,,,,,462025,Kolek M.,445857,Gola P.,3,0
14993979,table-tennis,finished,2025-11-03,1762165800000,19041,TT Elite Series,1340,Poland,,,,,,459747,Fomin Y.,454798,Skotniczny R.,3,2
14993980,table-tennis,finished,2025-11-03,1762165800000,19041,TT Elite Series,1340,Poland,,,,,,268047,Witkowski J.,854456,Strowski K.,0,3
14999933,table-tennis,finished,2025-11-03,1762165800000,19039,Czech Liga Pro,1369,Czech Republic,,,,,,470122,Chalupnicek M.,412636,Potensky J.,3,0
14999934,table-tennis,finished,2025-11-03,1762165800000,19039,Czech Liga Pro,1369,Czech Republic,,,,,,414395,Hradecky J.,456912,Hlawatschke A.,3,2
14999935,table-tennis,finished,2025-11-03,1762165800000,19039,Czech Liga Pro,1369,Czech Republic,,,,,,410015,Smrcek M.,458691,Jan S.,3,1
15000175,table-tennis,finished,2025-11-03,1762165800000,19039,Czech Liga Pro,1369,Czech Republic,,,,,,469821,Malek L.,410132,Havlicek V.,3,1
15000176,table-tennis,finished,2025-11-03,1762165800000,15005,TT Cup,1369,Czech Republic,,,,,,460888,Spiegel J.,1138861,Jurena D.,3,1
14993832,table-tennis,finished,2025-11-03,1762166100000,15005,TT Cup,1369,Czech Republic,,,,,,550812,Turecki K.,506374,Sulkowski K.,3,1
14993981,table-tennis,finished,2025-11-03,1762166100000,19041,TT Elite Series,1340,Poland,,,,,,305602,Golebiowski M.,268036,Zandecki J.,0,3
14993982,table-tennis,finished,2025-11-03,1762166700000,19041,TT Elite Series,1340,Poland,,,,,,412160,Burkacki M.,1099486,Lukaszewski M.,1,3
14993983,table-tennis,finished,2025-11-03,1762167000000,19041,TT Elite Series,1340,Poland,,,,,,424764,Sobel A.,412491,Lilien A.,0,3
15000177,table-tennis,finished,2025-11-03,1762167000000,15005,TT Cup,1369,Czech Republic,,,,,,1086282,Jose R.,937006,Cambronero A.,3,1
14993984,table-tennis,finished,2025-11-03,1762167300000,19041,TT Elite Series,1340,Poland,,,,,,1097893,Jurowicz G.,459045,Slawinski K.,3,0
14993985,table-tennis,finished,2025-11-03,1762167300000,19041,TT Elite Series,1340,Poland,,,,,,483087,Michna D.,410488,Balcerzak M.,3,0
14992734,table-tennis,finished,2025-11-03,1762167600000,9410,Challenger Series,145,Germany,85721.0,Challenger Series 2025 Week 45,"Ochsenhausen, Germany",Ochsenhausen,Germany,340137,Turrini R.,1142174,Cseri A.,3,0
14993205,table-tennis,finished,2025-11-03,1762167600000,19039,Czech Liga Pro,1369,Czech Republic,,,,,,414395,Hradecky J.,409849,Tuma Daniel,2,3
14993206,table-tennis,finished,2025-11-03,1762167600000,19039,Czech Liga Pro,1369,Czech Republic,,,,,,481160,Regner T.,398486,Hruška Václav,3,1
14993207,table-tennis,finished,2025-11-03,1762167600000,19039,Czech Liga Pro,1369,Czech Republic,,,,,,410058,Svec J.,412635,Strnad J.,1,3
14993210,table-tennis,finished,2025-11-03,1762167600000,19039,Czech Liga Pro,1369,Czech Republic,,,,,,452494,Trinta M.,409836,Regner M.,2,3
14993833,table-tennis,finished,2025-11-03,1762167600000,15005,TT Cup,1369,Czech Republic,,,,,,461074,Stapor Rafal,445385,Stepien M.,3,0
14993986,table-tennis,finished,2025-11-03,1762167600000,19041,TT Elite Series,1340,Poland,,,,,,416614,Cyrnek P.,410872,Felkel G.,3,2
15000178,table-tennis,finished,2025-11-03,1762167600000,15005,TT Cup,1369,Czech Republic,,,,,,420844,Hruska V.,409857,Mutl D.,3,1
14993834,table-tennis,finished,2025-11-03,1762167900000,15005,TT Cup,1369,Czech Republic,,,,,,502715,Golaszewski K.,462083,Molka B.,3,2
14993987,table-tennis,finished,2025-11-03,1762167900000,19041,TT Elite Series,1340,Poland,,,,,,463583,Kotyl W.,411645,Gluszek W.,0,3
14993988,table-tennis,finished,2025-11-03,1762168200000,19041,TT Elite Series,1340,Poland,,,,,,853696,Kujawa F.,412549,Radlo S.,0,3
15000179,table-tennis,finished,2025-11-03,1762168500000,15005,TT Cup,1369,Czech Republic,,,,,,1097952,Fiala J.,355215,Filipek M.,3,1
14993835,table-tennis,finished,2025-11-03,1762168800000,15005,TT Cup,1369,Czech Republic,,,,,,411698,Stacho L.,447972,Cibik P.,3,2
14993989,table-tennis,finished,2025-11-03,1762168800000,19041,TT Elite Series,1340,Poland,,,,,,266892,Sklensky M.,268047,Witkowski J.,2,3
14993990,table-tennis,finished,2025-11-03,1762168800000,19041,TT Elite Series,1340,Poland,,,,,,800664,Wichowski G.,454798,Skotniczny R.,2,3
15000180,table-tennis,finished,2025-11-03,1762168800000,15005,TT Cup,1369,Czech Republic,,,,,,1107304,Vega S.,486144,Penalva C.,3,2
14993991,table-tennis,finished,2025-11-03,1762169100000,19041,TT Elite Series,1340,Poland,,,,,,386662,Abbasi A.,205638,Kosowski J.,1,3
14992726,table-tennis,finished,2025-11-03,1762169400000,9410,Challenger Series,145,Germany,85721.0,Challenger Series 2025 Week 45,"Ochsenhausen, Germany",Ochsenhausen,Germany,292218,Juhasz P.,503972,Maragioglio F.,1,3
14993211,table-tennis,finished,2025-11-03,1762169400000,19039,Czech Liga Pro,1369,Czech Republic,,,,,,527898,Dolezal V.,1110276,Havel J.,3,0
14993212,table-tennis,finished,2025-11-03,1762169400000,19039,Czech Liga Pro,1369,Czech Republic,,,,,,522792,Grohsgott J.,410020,Sprynar P.,3,0
14993215,table-tennis,finished,2025-11-03,1762169400000,19039,Czech Liga Pro,1369,Czech Republic,,,,,,456912,Hlawatschke A.,458743,Zuzanek J.,0,3
14993216,table-tennis,finished,2025-11-03,1762169400000,19039,Czech Liga Pro,1369,Czech Republic,,,,,,410353,Kulhanek P.,410440,Madle L.,3,2
14993836,table-tennis,finished,2025-11-03,1762169400000,15005,TT Cup,1369,Czech Republic,,,,,,446962,Galus M.,511646,Sulkowski B.,3,1
14993992,table-tennis,finished,2025-11-03,1762169400000,19041,TT Elite Series,1340,Poland,,,,,,1099486,Lukaszewski M.,462050,Wisniewski B.,3,1
14993837,table-tennis,finished,2025-11-03,1762169700000,15005,TT Cup,1369,Czech Republic,,,,,,414113,Wloszek S.,550812,Turecki K.,3,1
14993993,table-tennis,finished,2025-11-03,1762169700000,19041,TT Elite Series,1340,Poland,,,,,,412491,Lilien A.,413684,Minda M.,3,2
14993838,table-tennis,finished,2025-11-03,1762170000000,15005,TT Cup,1369,Czech Republic,,,,,,425873,Libovicky P.,413380,Sprongl J.,2,3
14993994,table-tennis,finished,2025-11-03,1762170000000,19041,TT Elite Series,1340,Poland,,,,,,410488,Balcerzak M.,415467,Jarocki L.,0,3
14993995,table-tennis,finished,2025-11-03,1762170000000,19041,TT Elite Series,1340,Poland,,,,,,459927,Buczynski W.,459045,Slawinski K.,1,3
14993996,table-tennis,finished,2025-11-03,1762170300000,19041,TT Elite Series,1340,Poland,,,,,,305602,Golebiowski M.,268036,Zandecki J.,3,0
15000181,table-tennis,finished,2025-11-03,1762170300000,15005,TT Cup,1369,Czech Republic,,,,,,475170,Vojna Daniel,410571,Chlumsky P.,0,3
14993839,table-tennis,finished,2025-11-03,1762170600000,15005,TT Cup,1369,Czech Republic,,,,,,462289,Vyvial P.,423054,Matousch S.,1,3
14993997,table-tennis,finished,2025-11-03,1762170900000,19041,TT Elite Series,1340,Poland,,,,,,412160,Burkacki M.,459928,Kotyl K.,2,3
14992718,table-tennis,finished,2025-11-03,1762171200000,9410,Challenger Series,145,Germany,85721.0,Challenger Series 2025 Week 45,"Ochsenhausen, Germany",Ochsenhausen,Germany,938277,Koloidenko P.,1142174,Cseri A.,0,3
14993217,table-tennis,finished,2025-11-03,1762171200000,19039,Czech Liga Pro,1369,Czech Republic,,,,,,398486,Hruška Václav,410353,Kulhanek P.,3,1
14993218,table-tennis,finished,2025-11-03,1762171200000,19039,Czech Liga Pro,1369,Czech Republic,,,,,,409836,Regner M.,527898,Dolezal V.,1,3
14993219,table-tennis,finished,2025-11-03,1762171200000,19039,Czech Liga Pro,1369,Czech Republic,,,,,,412635,Strnad J.,522792,Grohsgott J.,2,3
14993220,table-tennis,finished,2025-11-03,1762171200000,19039,Czech Liga Pro,1369,Czech Republic,,,,,,409849,Tuma Daniel,456912,Hlawatschke A.,3,0
14993841,table-tennis,finished,2025-11-03,1762171200000,15005,TT Cup,1369,Czech Republic,,,,,,462025,Kolek M.,461074,Stapor Rafal,3,0
14993998,table-tennis,finished,2025-11-03,1762171200000,19041,TT Elite Series,1340,Poland,,,,,,424764,Sobel A.,410874,Mugowski A.,3,1
14993840,table-tennis,finished,2025-11-03,1762171500000,15005,TT Cup,1369,Czech Republic,,,,,,449173,Jachym S.,455852,Knazik O.,3,2
14993842,table-tennis,finished,2025-11-03,1762171500000,15005,TT Cup,1369,Czech Republic,,,,,,502715,Golaszewski K.,1055429,Zebala M.,3,2
14993999,table-tennis,finished,2025-11-03,1762171500000,19041,TT Elite Series,1340,Poland,,,,,,459747,Fomin Y.,1097893,Jurowicz G.,3,0
14994000,table-tennis,finished,2025-11-03,1762171500000,19041,TT Elite Series,1340,Poland,,,,,,483087,Michna D.,854456,Strowski K.,2,3
14993843,table-tennis,finished,2025-11-03,1762171800000,15005,TT Cup,1369,Czech Republic,,,,,,1137041,Kolovratnik Petr,410184,Svoboda V.,2,3
14994001,table-tennis,finished,2025-11-03,1762171800000,19041,TT Elite Series,1340,Poland,,,,,,416614,Cyrnek P.,386662,Abbasi A.,0,3
14993844,table-tennis,finished,2025-11-03,1762172400000,15005,TT Cup,1369,Czech Republic,,,,,,411698,Stacho L.,423054,Matousch S.,3,2
14994002,table-tennis,finished,2025-11-03,1762172400000,19041,TT Elite Series,1340,Poland,,,,,,411645,Gluszek W.,462050,Wisniewski B.,3,1
14993845,table-tennis,finished,2025-11-03,1762172700000,15005,TT Cup,1369,Czech Republic,,,,,,509675,Rein T.,410614,Kratochvil C.,2,3
14994003,table-tennis,finished,2025-11-03,1762172700000,19041,TT Elite Series,1340,Poland,,,,,,412549,Radlo S.,413684,Minda M.,1,3
14992722,table-tennis,finished,2025-11-03,1762173000000,9410,Challenger Series,145,Germany,85721.0,Challenger Series 2025 Week 45,"Ochsenhausen, Germany",Ochsenhausen,Germany,340137,Turrini R.,1091589,Walter K.,3,2
14993221,table-tennis,finished,2025-11-03,1762173000000,19039,Czech Liga Pro,1369,Czech Republic,,,,,,1110276,Havel J.,452494,Trinta M.,0,3
14993222,table-tennis,finished,2025-11-03,1762173000000,19039,Czech Liga Pro,1369,Czech Republic,,,,,,410440,Madle L.,481160,Regner T.,0,3
14993223,table-tennis,finished,2025-11-03,1762173000000,19039,Czech Liga Pro,1369,Czech Republic,,,,,,410020,Sprynar P.,410058,Svec J.,0,3
14993224,table-tennis,finished,2025-11-03,1762173000000,19039,Czech Liga Pro,1369,Czech Republic,,,,,,458743,Zuzanek J.,414395,Hradecky J.,2,3
14993846,table-tennis,finished,2025-11-03,1762173000000,15005,TT Cup,1369,Czech Republic,,,,,,445857,Gola P.,511646,Sulkowski B.,2,3
14994004,table-tennis,finished,2025-11-03,1762173000000,19041,TT Elite Series,1340,Poland,,,,,,454798,Skotniczny R.,459045,Slawinski K.,0,3
14994005,table-tennis,finished,2025-11-03,1762173000000,19041,TT Elite Series,1340,Poland,,,,,,268047,Witkowski J.,415467,Jarocki L.,1,3
14993847,table-tennis,finished,2025-11-03,1762173300000,15005,TT Cup,1369,Czech Republic,,,,,,506374,Sulkowski K.,462083,Molka B.,0,3
14994006,table-tennis,finished,2025-11-03,1762173300000,19041,TT Elite Series,1340,Poland,,,,,,268036,Zandecki J.,410872,Felkel G.,1,3
14993848,table-tennis,finished,2025-11-03,1762173600000,15005,TT Cup,1369,Czech Republic,,,,,,425873,Libovicky P.,410184,Svoboda V.,3,1
14994007,table-tennis,finished,2025-11-03,1762173900000,19041,TT Elite Series,1340,Poland,,,,,,463583,Kotyl W.,412160,Burkacki M.,1,3
14993849,table-tennis,finished,2025-11-03,1762174200000,15005,TT Cup,1369,Czech Republic,,,,,,447972,Cibik P.,462289,Vyvial P.,3,1
14994008,table-tennis,finished,2025-11-03,1762174200000,19041,TT Elite Series,1340,Poland,,,,,,853696,Kujawa F.,424764,Sobel A.,1,3
14993850,table-tennis,finished,2025-11-03,1762174500000,15005,TT Cup,1369,Czech Republic,,,,,,449173,Jachym S.,410614,Kratochvil C.,3,2
14994009,table-tennis,finished,2025-11-03,1762174500000,19041,TT Elite Series,1340,Poland,,,,,,266892,Sklensky M.,483087,Michna D.,2,3
14994010,table-tennis,finished,2025-11-03,1762174500000,19041,TT Elite Series,1340,Poland,,,,,,800664,Wichowski G.,1097893,Jurowicz G.,3,1
14992736,table-tennis,finished,2025-11-03,1762174800000,9410,Challenger Series,145,Germany,85721.0,Challenger Series 2025 Week 45,"Ochsenhausen, Germany",Ochsenhausen,Germany,1142173,Harencak J.,235448,Efimov V.,0,3
14993225,table-tennis,finished,2025-11-03,1762174800000,19039,Czech Liga Pro,1369,Czech Republic,,,,,,414395,Hradecky J.,456912,Hlawatschke A.,0,3
14993226,table-tennis,finished,2025-11-03,1762174800000,19039,Czech Liga Pro,1369,Czech Republic,,,,,,481160,Regner T.,410353,Kulhanek P.,3,1
14993228,table-tennis,finished,2025-11-03,1762174800000,19039,Czech Liga Pro,1369,Czech Republic,,,,,,410058,Svec J.,522792,Grohsgott J.,0,3
14993229,table-tennis,finished,2025-11-03,1762174800000,19039,Czech Liga Pro,1369,Czech Republic,,,,,,452494,Trinta M.,527898,Dolezal V.,3,1
14993851,table-tennis,finished,2025-11-03,1762174800000,15005,TT Cup,1369,Czech Republic,,,,,,445385,Stepien M.,446962,Galus M.,1,3
14994011,table-tennis,finished,2025-11-03,1762174800000,19041,TT Elite Series,1340,Poland,,,,,,305602,Golebiowski M.,205638,Kosowski J.,2,3
14993852,table-tennis,finished,2025-11-03,1762175100000,15005,TT Cup,1369,Czech Republic,,,,,,414113,Wloszek S.,502715,Golaszewski K.,3,1
14993853,table-tennis,finished,2025-11-03,1762175400000,15005,TT Cup,1369,Czech Republic,,,,,,413380,Sprongl J.,1137041,Kolovratnik Petr,3,2
14994012,table-tennis,finished,2025-11-03,1762175400000,19041,TT Elite Series,1340,Poland,,,,,,1099486,Lukaszewski M.,459928,Kotyl K.,0,3
14994013,table-tennis,finished,2025-11-03,1762175700000,19041,TT Elite Series,1340,Poland,,,,,,412491,Lilien A.,410874,Mugowski A.,1,3
14993854,table-tennis,finished,2025-11-03,1762176000000,15005,TT Cup,1369,Czech Republic,,,,,,411698,Stacho L.,462289,Vyvial P.,1,3
14994014,table-tennis,finished,2025-11-03,1762176000000,19041,TT Elite Series,1340,Poland,,,,,,410488,Balcerzak M.,854456,Strowski K.,1,3
14994015,table-tennis,finished,2025-11-03,1762176000000,19041,TT Elite Series,1340,Poland,,,,,,459927,Buczynski W.,459747,Fomin Y.,0,3
14993855,table-tennis,finished,2025-11-03,1762176300000,15005,TT Cup,1369,Czech Republic,,,,,,455852,Knazik O.,509675,Rein T.,3,1
14994016,table-tennis,finished,2025-11-03,1762176300000,19041,TT Elite Series,1340,Poland,,,,,,386662,Abbasi A.,410872,Felkel G.,0,3
14992735,table-tennis,finished,2025-11-03,1762176600000,9410,Challenger Series,145,Germany,85721.0,Challenger Series 2025 Week 45,"Ochsenhausen, Germany",Ochsenhausen,Germany,938277,Koloidenko P.,503972,Maragioglio F.,3,0
14993230,table-tennis,finished,2025-11-03,1762176600000,19039,Czech Liga Pro,1369,Czech Republic,,,,,,398486,Hruška Václav,410440,Madle L.,0,3
14993231,table-tennis,finished,2025-11-03,1762176600000,19039,Czech Liga Pro,1369,Czech Republic,,,,,,409836,Regner M.,1110276,Havel J.,0,3
14993232,table-tennis,finished,2025-11-03,1762176600000,19039,Czech Liga Pro,1369,Czech Republic,,,,,,412635,Strnad J.,410020,Sprynar P.,3,0
14993233,table-tennis,finished,2025-11-03,1762176600000,19039,Czech Liga Pro,1369,Czech Republic,,,,,,409849,Tuma Daniel,458743,Zuzanek J.,2,3
14993856,table-tennis,finished,2025-11-03,1762176900000,15005,TT Cup,1369,Czech Republic,,,,,,550812,Turecki K.,462083,Molka B.,3,2
14994017,table-tennis,finished,2025-11-03,1762176900000,19041,TT Elite Series,1340,Poland,,,,,,411645,Gluszek W.,412160,Burkacki M.,2,3
14993857,table-tennis,finished,2025-11-03,1762177200000,15005,TT Cup,1369,Czech Republic,,,,,,425873,Libovicky P.,1137041,Kolovratnik Petr,0,3
14994018,table-tennis,finished,2025-11-03,1762177200000,19041,TT Elite Series,1340,Poland,,,,,,412549,Radlo S.,424764,Sobel A.,3,1
15000522,table-tennis,finished,2025-11-03,1762177200000,15005,TT Cup,1369,Czech Republic,,,,,,511646,Sulkowski B.,445857,Gola P.,0,3
14994019,table-tennis,finished,2025-11-03,1762177500000,19041,TT Elite Series,1340,Poland,,,,,,454798,Skotniczny R.,800664,Wichowski G.,3,0
14994020,table-tennis,finished,2025-11-03,1762177500000,19041,TT Elite Series,1340,Poland,,,,,,268047,Witkowski J.,483087,Michna D.,3,0
14993858,table-tennis,finished,2025-11-03,1762177800000,15005,TT Cup,1369,Czech Republic,,,,,,423054,Matousch S.,447972,Cibik P.,2,3
14994021,table-tennis,finished,2025-11-03,1762177800000,19041,TT Elite Series,1340,Poland,,,,,,416614,Cyrnek P.,305602,Golebiowski M.,2,3
14993859,table-tennis,finished,2025-11-03,1762178100000,15005,TT Cup,1369,Czech Republic,,,,,,449173,Jachym S.,509675,Rein T.,0,3
14992725,table-tennis,finished,2025-11-03,1762178400000,9410,Challenger Series,145,Germany,85721.0,Challenger Series 2025 Week 45,"Ochsenhausen, Germany",Ochsenhausen,Germany,1091589,Walter K.,1142174,Cseri A.,3,0
14994022,table-tennis,finished,2025-11-03,1762178400000,19041,TT Elite Series,1340,Poland,,,,,,463583,Kotyl W.,1099486,Lukaszewski M.,3,0
15000548,table-tennis,finished,2025-11-03,1762178400000,19039,Czech Liga Pro,1369,Czech Republic,,,,,,414395,Hradecky J.,456912,Hlawatschke A.,3,1
15000549,table-tennis,finished,2025-11-03,1762178400000,19039,Czech Liga Pro,1369,Czech Republic,,,,,,410353,Kulhanek P.,398486,Hruška Václav,1,3
15000550,table-tennis,finished,2025-11-03,1762178400000,19039,Czech Liga Pro,1369,Czech Republic,,,,,,409836,Regner M.,1110276,Havel J.,0,3
15000551,table-tennis,finished,2025-11-03,1762178400000,19039,Czech Liga Pro,1369,Czech Republic,,,,,,410058,Svec J.,410020,Sprynar P.,3,2
14993860,table-tennis,finished,2025-11-03,1762178700000,15005,TT Cup,1369,Czech Republic,,,,,,1055429,Zebala M.,506374,Sulkowski K.,0,3
14994023,table-tennis,finished,2025-11-03,1762178700000,19041,TT Elite Series,1340,Poland,,,,,,853696,Kujawa F.,412491,Lilien A.,1,3
14993861,table-tennis,finished,2025-11-03,1762179000000,15005,TT Cup,1369,Czech Republic,,,,,,410184,Svoboda V.,413380,Sprongl J.,1,3
14994024,table-tennis,finished,2025-11-03,1762179000000,19041,TT Elite Series,1340,Poland,,,,,,459747,Fomin Y.,459045,Slawinski K.,2,3
14994025,table-tennis,finished,2025-11-03,1762179000000,19041,TT Elite Series,1340,Poland,,,,,,266892,Sklensky M.,410488,Balcerzak M.,3,0
15000523,table-tennis,finished,2025-11-03,1762179000000,15005,TT Cup,1369,Czech Republic,,,,,,446962,Galus M.,445385,Stepien M.,3,2
14994026,table-tennis,finished,2025-11-03,1762179300000,19041,TT Elite Series,1340,Poland,,,,,,268036,Zandecki J.,205638,Kosowski J.,1,3
14993862,table-tennis,finished,2025-11-03,1762179900000,15005,TT Cup,1369,Czech Republic,,,,,,410614,Kratochvil C.,455852,Knazik O.,3,1
14994027,table-tennis,finished,2025-11-03,1762179900000,19041,TT Elite Series,1340,Poland,,,,,,459928,Kotyl K.,462050,Wisniewski B.,2,3
14992716,table-tennis,finished,2025-11-03,1762180200000,9410,Challenger Series,145,Germany,85721.0,Challenger Series 2025 Week 45,"Ochsenhausen, Germany",Ochsenhausen,Germany,340137,Turrini R.,235448,Efimov V.,3,0
14994028,table-tennis,finished,2025-11-03,1762180200000,19041,TT Elite Series,1340,Poland,,,,,,459927,Buczynski W.,1097893,Jurowicz G.,1,3
14994029,table-tennis,finished,2025-11-03,1762180200000,19041,TT Elite Series,1340,Poland,,,,,,410874,Mugowski A.,413684,Minda M.,2,3
15000552,table-tennis,finished,2025-11-03,1762180200000,19039,Czech Liga Pro,1369,Czech Republic,,,,,,522792,Grohsgott J.,412635,Strnad J.,2,3
15000553,table-tennis,finished,2025-11-03,1762180200000,19039,Czech Liga Pro,1369,Czech Republic,,,,,,481160,Regner T.,410440,Madle L.,2,3
15000554,table-tennis,finished,2025-11-03,1762180200000,19039,Czech Liga Pro,1369,Czech Republic,,,,,,452494,Trinta M.,527898,Dolezal V.,3,0
15000555,table-tennis,finished,2025-11-03,1762180200000,19039,Czech Liga Pro,1369,Czech Republic,,,,,,458743,Zuzanek J.,409849,Tuma Daniel,2,3
15000755,table-tennis,finished,2025-11-03,1762180200000,15005,TT Cup,1369,Czech Republic,,,,,,423054,Matousch S.,462289,Vyvial P.,1,3
14994030,table-tennis,finished,2025-11-03,1762180500000,19041,TT Elite Series,1340,Poland,,,,,,854456,Strowski K.,415467,Jarocki L.,0,3
15000786,table-tennis,finished,2025-11-03,1762180500000,15005,TT Cup,1369,Czech Republic,,,,,,506374,Sulkowski K.,1055429,Zebala M.,2,3
14994031,table-tennis,finished,2025-11-03,1762180800000,19041,TT Elite Series,1340,Poland,,,,,,386662,Abbasi A.,305602,Golebiowski M.,2,3
15000524,table-tennis,finished,2025-11-03,1762180800000,15005,TT Cup,1369,Czech Republic,,,,,,462025,Kolek M.,461074,Stapor Rafal,2,3
14994032,table-tennis,finished,2025-11-03,1762181400000,19041,TT Elite Series,1340,Poland,,,,,,411645,Gluszek W.,1099486,Lukaszewski M.,3,2
15000857,table-tennis,finished,2025-11-03,1762181400000,15005,TT Cup,1369,Czech Republic,,,,,,410184,Svoboda V.,425873,Libovicky P.,2,3
14994033,table-tennis,finished,2025-11-03,1762181700000,19041,TT Elite Series,1340,Poland,,,,,,412549,Radlo S.,412491,Lilien A.,3,1
14994034,table-tennis,finished,2025-11-03,1762181700000,19041,TT Elite Series,1340,Poland,,,,,,800664,Wichowski G.,459045,Slawinski K.,3,2
14992712,table-tennis,finished,2025-11-03,1762182000000,9410,Challenger Series,145,Germany,85721.0,Challenger Series 2025 Week 45,"Ochsenhausen, Germany",Ochsenhausen,Germany,292218,Juhasz P.,1142173,Harencak J.,1,3
14993234,table-tennis,finished,2025-11-03,1762182000000,19039,Czech Liga Pro,1369,Czech Republic,,,,,,409838,Huk M.,488478,Brazda A.,3,2
14993235,table-tennis,finished,2025-11-03,1762182000000,19039,Czech Liga Pro,1369,Czech Republic,,,,,,410012,Klement M.,411156,Sedlak M.,1,3
14993236,table-tennis,finished,2025-11-03,1762182000000,19039,Czech Liga Pro,1369,Czech Republic,,,,,,484968,Petracek V.,409917,Macela P.,1,3
14993237,table-tennis,canceled,2025-11-03,1762182000000,19039,Czech Liga Pro,1369,Czech Republic,,,,,,481656,Vedmoch M.,496658,Holovatiuk Y.,0,0
14993792,table-tennis,finished,2025-11-03,1762182000000,19039,Czech Liga Pro,1369,Czech Republic,,,,,,481656,Vedmoch M.,484525,Janata T.,3,0
14993863,table-tennis,finished,2025-11-03,1762182000000,15005,TT Cup,1369,Czech Republic,,,,,,517666,Michta M.,410603,Chybinski M.,1,3
14994035,table-tennis,finished,2025-11-03,1762182000000,19041,TT Elite Series,1340,Poland,,,,,,268047,Witkowski J.,410488,Balcerzak M.,0,3
15000716,table-tennis,finished,2025-11-03,1762182000000,15005,TT Cup,1369,Czech Republic,,,,,,411698,Stacho L.,447972,Cibik P.,2,3
15001085,table-tennis,finished,2025-11-03,1762182000000,15005,TT Cup,1369,Czech Republic,,,,,,455852,Knazik O.,509675,Rein T.,3,0
14994036,table-tennis,finished,2025-11-03,1762182300000,19041,TT Elite Series,1340,Poland,,,,,,416614,Cyrnek P.,268036,Zandecki J.,3,1
15000787,table-tennis,finished,2025-11-03,1762182300000,15005,TT Cup,1369,Czech Republic,,,,,,462083,Molka B.,502715,Golaszewski K.,3,1
14994037,table-tennis,finished,2025-11-03,1762182900000,19041,TT Elite Series,1340,Poland,,,,,,412160,Burkacki M.,462050,Wisniewski B.,0,3
14994038,table-tennis,finished,2025-11-03,1762183200000,19041,TT Elite Series,1340,Poland,,,,,,454798,Skotniczny R.,459927,Buczynski W.,3,0
14994039,table-tennis,finished,2025-11-03,1762183200000,19041,TT Elite Series,1340,Poland,,,,,,424764,Sobel A.,413684,Minda M.,3,2
15000182,table-tennis,finished,2025-11-03,1762183200000,15005,TT Cup,1369,Czech Republic,,,,,,1079431,Tlusty M.,1105728,Sykora D.,0,3
15000858,table-tennis,finished,2025-11-03,1762183200000,15005,TT Cup,1369,Czech Republic,,,,,,413380,Sprongl J.,1137041,Kolovratnik Petr,2,3
14994040,table-tennis,finished,2025-11-03,1762183500000,19041,TT Elite Series,1340,Poland,,,,,,483087,Michna D.,415467,Jarocki L.,3,0
14992727,table-tennis,finished,2025-11-03,1762183800000,9410,Challenger Series,145,Germany,85721.0,Challenger Series 2025 Week 45,"Ochsenhausen, Germany",Ochsenhausen,Germany,503972,Maragioglio F.,1142174,Cseri A.,3,0
14993238,table-tennis,finished,2025-11-03,1762183800000,19039,Czech Liga Pro,1369,Czech Republic,,,,,,398480,Jindrak L.,458856,Turek T.,3,2
14993239,table-tennis,finished,2025-11-03,1762183800000,19039,Czech Liga Pro,1369,Czech Republic,,,,,,1044819,Nguyen B.,483153,Barta T.,1,3
14993240,table-tennis,finished,2025-11-03,1762183800000,19039,Czech Liga Pro,1369,Czech Republic,,,,,,409880,Regner M.,398476,Jiri Louda,1,3
14993241,table-tennis,finished,2025-11-03,1762183800000,19039,Czech Liga Pro,1369,Czech Republic,,,,,,508994,Volhejn D.,409841,Pikous M.,0,3
14993864,table-tennis,finished,2025-11-03,1762183800000,15005,TT Cup,1369,Czech Republic,,,,,,501593,Stachera Tomasz,445388,Bucko D.,1,3
14994041,table-tennis,finished,2025-11-03,1762183800000,19041,TT Elite Series,1340,Poland,,,,,,205638,Kosowski J.,410872,Felkel G.,3,1
15001086,table-tennis,finished,2025-11-03,1762183800000,15005,TT Cup,1369,Czech Republic,,,,,,449173,Jachym S.,410614,Kratochvil C.,0,3
14994042,table-tennis,finished,2025-11-03,1762184100000,19041,TT Elite Series,1340,Poland,,,,,,463583,Kotyl W.,459928,Kotyl K.,3,1
15000788,table-tennis,finished,2025-11-03,1762184100000,15005,TT Cup,1369,Czech Republic,,,,,,414113,Wloszek S.,550812,Turecki K.,0,3
14993865,table-tennis,finished,2025-11-03,1762184400000,15005,TT Cup,1369,Czech Republic,,,,,,512450,Monteagudo L.,1127322,Baban N.,3,1
14994043,table-tennis,finished,2025-11-03,1762184400000,19041,TT Elite Series,1340,Poland,,,,,,853696,Kujawa F.,410874,Mugowski A.,1,3
15000183,table-tennis,finished,2025-11-03,1762184400000,15005,TT Cup,1369,Czech Republic,,,,,,1079724,Sochor D.,523618,Cerny M.,1,3
14994044,table-tennis,finished,2025-11-03,1762184700000,19041,TT Elite Series,1340,Poland,,,,,,459747,Fomin Y.,1097893,Jurowicz G.,3,2
14994045,table-tennis,finished,2025-11-03,1762184700000,19041,TT Elite Series,1340,Poland,,,,,,266892,Sklensky M.,854456,Strowski K.,1,3
14994046,table-tennis,finished,2025-11-03,1762185000000,19041,TT Elite Series,1340,Poland,,,,,,386662,Abbasi A.,268036,Zandecki J.,1,3
15000184,table-tennis,finished,2025-11-03,1762185000000,15005,TT Cup,1369,Czech Republic,,,,,,358706,Hendrych J.,494477,Kral A.,1,3
15000185,table-tennis,finished,2025-11-03,1762185300000,15005,TT Cup,1369,Czech Republic,,,,,,452588,Strejc F.,355580,Vorisek T.,1,3
14992733,table-tennis,finished,2025-11-03,1762185600000,9410,Challenger Series,145,Germany,85721.0,Challenger Series 2025 Week 45,"Ochsenhausen, Germany",Ochsenhausen,Germany,292218,Juhasz P.,340137,Turrini R.,0,3
14993244,table-tennis,finished,2025-11-03,1762185600000,19039,Czech Liga Pro,1369,Czech Republic,,,,,,488478,Brazda A.,508994,Volhejn D.,3,0
14993245,table-tennis,canceled,2025-11-03,1762185600000,19039,Czech Liga Pro,1369,Czech Republic,,,,,,496658,Holovatiuk Y.,1044819,Nguyen B.,0,0
14993246,table-tennis,finished,2025-11-03,1762185600000,19039,Czech Liga Pro,1369,Czech Republic,,,,,,409917,Macela P.,398480,Jindrak L.,2,3
14993248,table-tennis,finished,2025-11-03,1762185600000,19039,Czech Liga Pro,1369,Czech Republic,,,,,,411156,Sedlak M.,409880,Regner M.,0,3
14993793,table-tennis,finished,2025-11-03,1762185600000,19039,Czech Liga Pro,1369,Czech Republic,,,,,,484525,Janata T.,1044819,Nguyen B.,3,2
14993866,table-tennis,finished,2025-11-03,1762185600000,15005,TT Cup,1369,Czech Republic,,,,,,517666,Michta M.,445388,Bucko D.,1,3
14994047,table-tennis,finished,2025-11-03,1762185600000,19041,TT Elite Series,1340,Poland,,,,,,424764,Sobel A.,478388,Perzynski P.,3,0
14993867,table-tennis,finished,2025-11-03,1762185900000,15005,TT Cup,1369,Czech Republic,,,,,,502328,Nagorzanski S.,939247,Domagala P.,3,2
14994048,table-tennis,finished,2025-11-03,1762185900000,19041,TT Elite Series,1340,Poland,,,,,,800664,Wichowski G.,459927,Buczynski W.,1,3
14994049,table-tennis,finished,2025-11-03,1762185900000,19041,TT Elite Series,1340,Poland,,,,,,268047,Witkowski J.,410535,Czerwinski B.,3,2
14993868,table-tennis,finished,2025-11-03,1762186200000,15005,TT Cup,1369,Czech Republic,,,,,,1111884,Moledo K.,1077161,Hamza H.,3,2
14994050,table-tennis,finished,2025-11-03,1762186200000,19041,TT Elite Series,1340,Poland,,,,,,305602,Golebiowski M.,410872,Felkel G.,1,3
14994051,table-tennis,finished,2025-11-03,1762186200000,19041,TT Elite Series,1340,Poland,,,,,,410600,Lewczuk M.,1099488,Oracz J.,1,3
15000186,table-tennis,finished,2025-11-03,1762186200000,15005,TT Cup,1369,Czech Republic,,,,,,410854,Sochor M.,410296,Cerny J.,3,1
15000187,table-tennis,finished,2025-11-03,1762186800000,15005,TT Cup,1369,Czech Republic,,,,,,1079431,Tlusty M.,494477,Kral A.,3,2
14994052,table-tennis,finished,2025-11-03,1762187100000,19041,TT Elite Series,1340,Poland,,,,,,410874,Mugowski A.,411645,Gluszek W.,3,0
15000188,table-tennis,finished,2025-11-03,1762187100000,15005,TT Cup,1369,Czech Republic,,,,,,355229,Stusek M.,411717,Jicha D.,3,1
14992717,table-tennis,finished,2025-11-03,1762187400000,9410,Challenger Series,145,Germany,85721.0,Challenger Series 2025 Week 45,"Ochsenhausen, Germany",Ochsenhausen,Germany,1091589,Walter K.,235448,Efimov V.,2,3
14993249,table-tennis,finished,2025-11-03,1762187400000,19039,Czech Liga Pro,1369,Czech Republic,,,,,,483153,Barta T.,481656,Vedmoch M.,3,0
14993250,table-tennis,finished,2025-11-03,1762187400000,19039,Czech Liga Pro,1369,Czech Republic,,,,,,398476,Jiri Louda,410012,Klement M.,1,3
14993251,table-tennis,finished,2025-11-03,1762187400000,19039,Czech Liga Pro,1369,Czech Republic,,,,,,409841,Pikous M.,409838,Huk M.,1,3
14993252,table-tennis,finished,2025-11-03,1762187400000,19039,Czech Liga Pro,1369,Czech Republic,,,,,,458856,Turek T.,484968,Petracek V.,3,0
14993869,table-tennis,finished,2025-11-03,1762187400000,15005,TT Cup,1369,Czech Republic,,,,,,462716,Rokita G.,410603,Chybinski M.,3,1
14994053,table-tennis,finished,2025-11-03,1762187400000,19041,TT Elite Series,1340,Poland,,,,,,454798,Skotniczny R.,459747,Fomin Y.,3,0
14994054,table-tennis,finished,2025-11-03,1762187400000,19041,TT Elite Series,1340,Poland,,,,,,854456,Strowski K.,412011,Kapik Krzysztof,0,3
14993870,table-tennis,finished,2025-11-03,1762187700000,15005,TT Cup,1369,Czech Republic,,,,,,414759,Caban J.,450282,Witkowski T.,3,2
14994055,table-tennis,finished,2025-11-03,1762187700000,19041,TT Elite Series,1340,Poland,,,,,,416614,Cyrnek P.,205638,Kosowski J.,2,3
14994056,table-tennis,finished,2025-11-03,1762187700000,19041,TT Elite Series,1340,Poland,,,,,,1133509,Maszczynski D.,1120700,Cyndera J.,1,3
14993871,table-tennis,finished,2025-11-03,1762188000000,15005,TT Cup,1369,Czech Republic,,,,,,512450,Monteagudo L.,1077161,Hamza H.,2,3
15000189,table-tennis,finished,2025-11-03,1762188000000,15005,TT Cup,1369,Czech Republic,,,,,,1079724,Sochor D.,410296,Cerny J.,3,0
14994057,table-tennis,finished,2025-11-03,1762188600000,19041,TT Elite Series,1340,Poland,,,,,,448751,Blocho P.,449546,Rudomina K.,0,3
15000190,table-tennis,finished,2025-11-03,1762188600000,15005,TT Cup,1369,Czech Republic,,,,,,1105728,Sykora D.,358706,Hendrych J.,3,1
14994058,table-tennis,finished,2025-11-03,1762188900000,19041,TT Elite Series,1340,Poland,,,,,,1097893,Jurowicz G.,459045,Slawinski K.,0,3
14994059,table-tennis,finished,2025-11-03,1762188900000,19041,TT Elite Series,1340,Poland,,,,,,459867,Kolodziej K.,268036,Zandecki J.,2,3
15000191,table-tennis,finished,2025-11-03,1762188900000,15005,TT Cup,1369,Czech Republic,,,,,,452588,Strejc F.,411717,Jicha D.,3,2
14992721,table-tennis,finished,2025-11-03,1762189200000,9410,Challenger Series,145,Germany,85721.0,Challenger Series 2025 Week 45,"Ochsenhausen, Germany",Ochsenhausen,Germany,938277,Koloidenko P.,1142173,Harencak J.,2,3
14993255,table-tennis,finished,2025-11-03,1762189200000,19039,Czech Liga Pro,1369,Czech Republic,,,,,,409838,Huk M.,508994,Volhejn D.,1,3
14993259,table-tennis,finished,2025-11-03,1762189200000,19039,Czech Liga Pro,1369,Czech Republic,,,,,,410012,Klement M.,409880,Regner M.,1,3
14993260,table-tennis,finished,2025-11-03,1762189200000,19039,Czech Liga Pro,1369,Czech Republic,,,,,,484968,Petracek V.,398480,Jindrak L.,3,2
14993261,table-tennis,finished,2025-11-03,1762189200000,19039,Czech Liga Pro,1369,Czech Republic,,,,,,481656,Vedmoch M.,1044819,Nguyen B.,3,1
14993872,table-tennis,finished,2025-11-03,1762189200000,15005,TT Cup,1369,Czech Republic,,,,,,446419,Zapala K.,462716,Rokita G.,3,0
14994060,table-tennis,finished,2025-11-03,1762189200000,19041,TT Elite Series,1340,Poland,,,,,,460304,Natkaniec M.,458799,Glanowski W.,1,3
14994061,table-tennis,finished,2025-11-03,1762189200000,19041,TT Elite Series,1340,Poland,,,,,,411478,Skorski M.,412160,Burkacki M.,3,2
14993873,table-tennis,finished,2025-11-03,1762189500000,15005,TT Cup,1369,Czech Republic,,,,,,930965,Moroz A.,939247,Domagala P.,3,1
14993874,table-tennis,finished,2025-11-03,1762189800000,15005,TT Cup,1369,Czech Republic,,,,,,1127322,Baban N.,1111884,Moledo K.,1,3
15000192,table-tennis,finished,2025-11-03,1762189800000,15005,TT Cup,1369,Czech Republic,,,,,,523618,Cerny M.,410854,Sochor M.,3,2
14994062,table-tennis,finished,2025-11-03,1762190100000,19041,TT Elite Series,1340,Poland,,,,,,424764,Sobel A.,410874,Mugowski A.,0,3
14994063,table-tennis,finished,2025-11-03,1762190400000,19041,TT Elite Series,1340,Poland,,,,,,800664,Wichowski G.,459747,Fomin Y.,3,1
14994064,table-tennis,finished,2025-11-03,1762190400000,19041,TT Elite Series,1340,Poland,,,,,,268047,Witkowski J.,854456,Strowski K.,1,3
15000193,table-tennis,finished,2025-11-03,1762190400000,15005,TT Cup,1369,Czech Republic,,,,,,1079431,Tlusty M.,358706,Hendrych J.,3,1
14994065,table-tennis,finished,2025-11-03,1762190700000,19041,TT Elite Series,1340,Poland,,,,,,410600,Lewczuk M.,1133509,Maszczynski D.,3,1
14994066,table-tennis,finished,2025-11-03,1762190700000,19041,TT Elite Series,1340,Poland,,,,,,508022,Trela M.,419378,Kowalczyk M.,1,3
15000194,table-tennis,finished,2025-11-03,1762190700000,15005,TT Cup,1369,Czech Republic,,,,,,355580,Vorisek T.,355229,Stusek M.,3,1
14992732,table-tennis,finished,2025-11-03,1762191000000,9410,Challenger Series,145,Germany,85721.0,Challenger Series 2025 Week 45,"Ochsenhausen, Germany",Ochsenhausen,Germany,503972,Maragioglio F.,340137,Turrini R.,0,3
14993263,table-tennis,finished,2025-11-03,1762191000000,19039,Czech Liga Pro,1369,Czech Republic,,,,,,488478,Brazda A.,409841,Pikous M.,3,0
14993264,table-tennis,canceled,2025-11-03,1762191000000,19039,Czech Liga Pro,1369,Czech Republic,,,,,,496658,Holovatiuk Y.,483153,Barta T.,0,0
14993265,table-tennis,finished,2025-11-03,1762191000000,19039,Czech Liga Pro,1369,Czech Republic,,,,,,409917,Macela P.,458856,Turek T.,1,3
14993266,table-tennis,finished,2025-11-03,1762191000000,19039,Czech Liga Pro,1369,Czech Republic,,,,,,411156,Sedlak M.,398476,Jiri Louda,1,3
14993794,table-tennis,finished,2025-11-03,1762191000000,19039,Czech Liga Pro,1369,Czech Republic,,,,,,484525,Janata T.,483153,Barta T.,2,3
14993875,table-tennis,finished,2025-11-03,1762191000000,15005,TT Cup,1369,Czech Republic,,,,,,501593,Stachera Tomasz,446419,Zapala K.,0,3
14993876,table-tennis,finished,2025-11-03,1762191300000,15005,TT Cup,1369,Czech Republic,,,,,,502328,Nagorzanski S.,414759,Caban J.,1,3
14994067,table-tennis,finished,2025-11-03,1762191300000,19041,TT Elite Series,1340,Poland,,,,,,449546,Rudomina K.,478388,Perzynski P.,1,3
14993877,table-tennis,finished,2025-11-03,1762191600000,15005,TT Cup,1369,Czech Republic,,,,,,512450,Monteagudo L.,1111884,Moledo K.,2,3
14994068,table-tennis,finished,2025-11-03,1762191600000,19041,TT Elite Series,1340,Poland,,,,,,459927,Buczynski W.,459045,Slawinski K.,0,3
14994069,table-tennis,finished,2025-11-03,1762191600000,19041,TT Elite Series,1340,Poland,,,,,,268036,Zandecki J.,410535,Czerwinski B.,3,0
15000195,table-tennis,finished,2025-11-03,1762191600000,15005,TT Cup,1369,Czech Republic,,,,,,1079724,Sochor D.,410854,Sochor M.,3,2
14994070,table-tennis,finished,2025-11-03,1762191900000,19041,TT Elite Series,1340,Poland,,,,,,500957,Przewlocki J.,463583,Kotyl W.,3,1
14994071,table-tennis,finished,2025-11-03,1762192200000,19041,TT Elite Series,1340,Poland,,,,,,458799,Glanowski W.,1099488,Oracz J.,1,3
15000196,table-tennis,finished,2025-11-03,1762192200000,15005,TT Cup,1369,Czech Republic,,,,,,494477,Kral A.,1105728,Sykora D.,3,1
14994072,table-tennis,finished,2025-11-03,1762192500000,19041,TT Elite Series,1340,Poland,,,,,,448751,Blocho P.,411645,Gluszek W.,2,3
15000197,table-tennis,finished,2025-11-03,1762192500000,15005,TT Cup,1369,Czech Republic,,,,,,452588,Strejc F.,355229,Stusek M.,3,2
14992729,table-tennis,finished,2025-11-03,1762192800000,9410,Challenger Series,145,Germany,85721.0,Challenger Series 2025 Week 45,"Ochsenhausen, Germany",Ochsenhausen,Germany,292218,Juhasz P.,1091589,Walter K.,2,3
14993878,table-tennis,finished,2025-11-03,1762192800000,15005,TT Cup,1369,Czech Republic,,,,,,517666,Michta M.,462716,Rokita G.,3,1
14994073,table-tennis,finished,2025-11-03,1762192800000,19041,TT Elite Series,1340,Poland,,,,,,459867,Kolodziej K.,412011,Kapik Krzysztof,3,2
15001529,table-tennis,finished,2025-11-03,1762192800000,19039,Czech Liga Pro,1369,Czech Republic,,,,,,484525,Janata T.,1044819,Nguyen B.,2,3
15001530,table-tennis,finished,2025-11-03,1762192800000,19039,Czech Liga Pro,1369,Czech Republic,,,,,,410012,Klement M.,411156,Sedlak M.,3,2
15001531,table-tennis,finished,2025-11-03,1762192800000,19039,Czech Liga Pro,1369,Czech Republic,,,,,,409917,Macela P.,484968,Petracek V.,3,0
15001532,table-tennis,finished,2025-11-03,1762192800000,19039,Czech Liga Pro,1369,Czech Republic,,,,,,409841,Pikous M.,508994,Volhejn D.,2,3
14993879,table-tennis,finished,2025-11-03,1762193100000,15005,TT Cup,1369,Czech Republic,,,,,,930965,Moroz A.,450282,Witkowski T.,3,2
14994074,table-tennis,finished,2025-11-03,1762193100000,19041,TT Elite Series,1340,Poland,,,,,,411478,Skorski M.,508022,Trela M.,1,3
14994075,table-tennis,finished,2025-11-03,1762193100000,19041,TT Elite Series,1340,Poland,,,,,,454798,Skotniczny R.,1097893,Jurowicz G.,0,3
14993880,table-tennis,finished,2025-11-03,1762193400000,15005,TT Cup,1369,Czech Republic,,,,,,1077161,Hamza H.,1127322,Baban N.,0,3
14994076,table-tennis,finished,2025-11-03,1762193400000,19041,TT Elite Series,1340,Poland,,,,,,460304,Natkaniec M.,1120700,Cyndera J.,1,3
15000198,table-tennis,finished,2025-11-03,1762193400000,15005,TT Cup,1369,Czech Republic,,,,,,410296,Cerny J.,523618,Cerny M.,0,3
14994077,table-tennis,finished,2025-11-03,1762194000000,19041,TT Elite Series,1340,Poland,,,,,,410874,Mugowski A.,478388,Perzynski P.,3,1
14994078,table-tennis,finished,2025-11-03,1762194300000,19041,TT Elite Series,1340,Poland,,,,,,854456,Strowski K.,410535,Czerwinski B.,1,3
15000199,table-tennis,finished,2025-11-03,1762194300000,15005,TT Cup,1369,Czech Republic,,,,,,411717,Jicha D.,355580,Vorisek T.,3,1
15001572,table-tennis,finished,2025-11-03,1762194300000,15005,TT Cup,1369,Czech Republic,,,,,,1079431,Tlusty M.,358706,Hendrych J.,1,3
15001535,table-tennis,canceled,2025-11-03,1762194600000,19039,Czech Liga Pro,1369,Czech Republic,,,,,,488478,Brazda A.,409838,Huk M.,0,0
14992737,table-tennis,finished,2025-11-03,1762194600000,9410,Challenger Series,145,Germany,85721.0,Challenger Series 2025 Week 45,"Ochsenhausen, Germany",Ochsenhausen,Germany,1142173,Harencak J.,1142174,Cseri A.,3,0
14993881,table-tennis,finished,2025-11-03,1762194600000,15005,TT Cup,1369,Czech Republic,,,,,,446419,Zapala K.,445388,Bucko D.,2,3
14994079,table-tennis,finished,2025-11-03,1762194600000,19041,TT Elite Series,1340,Poland,,,,,,463583,Kotyl W.,412160,Burkacki M.,1,3
14994080,table-tennis,finished,2025-11-03,1762194600000,19041,TT Elite Series,1340,Poland,,,,,,411479,Nowak J.,467269,Pruszkowski J.,0,3
15001533,table-tennis,finished,2025-11-03,1762194600000,19039,Czech Liga Pro,1369,Czech Republic,,,,,,483153,Barta T.,481656,Vedmoch M.,3,2
15001534,table-tennis,finished,2025-11-03,1762194600000,19039,Czech Liga Pro,1369,Czech Republic,,,,,,488478,Brazda A.,409838,Huk M.,0,3
15001536,table-tennis,finished,2025-11-03,1762194600000,19039,Czech Liga Pro,1369,Czech Republic,,,,,,409880,Regner M.,398476,Jiri Louda,0,3
15001537,table-tennis,finished,2025-11-03,1762194600000,19039,Czech Liga Pro,1369,Czech Republic,,,,,,458856,Turek T.,398480,Jindrak L.,1,3
14993882,table-tennis,finished,2025-11-03,1762194900000,15005,TT Cup,1369,Czech Republic,,,,,,414759,Caban J.,939247,Domagala P.,2,3
14994081,table-tennis,finished,2025-11-03,1762194900000,19041,TT Elite Series,1340,Poland,,,,,,1133509,Maszczynski D.,1099488,Oracz J.,1,3
15001625,table-tennis,finished,2025-11-03,1762195200000,15005,TT Cup,1369,Czech Republic,,,,,,512450,Monteagudo L.,1077161,Hamza H.,3,2
15001626,table-tennis,finished,2025-11-03,1762195200000,15005,TT Cup,1369,Czech Republic,,,,,,410854,Sochor M.,410296,Cerny J.,3,0
14994082,table-tennis,finished,2025-11-03,1762195500000,19041,TT Elite Series,1340,Poland,,,,,,424764,Sobel A.,448751,Blocho P.,3,1
14994083,table-tennis,finished,2025-11-03,1762195800000,19041,TT Elite Series,1340,Poland,,,,,,268047,Witkowski J.,459867,Kolodziej K.,3,2
14994084,table-tennis,finished,2025-11-03,1762196100000,19041,TT Elite Series,1340,Poland,,,,,,497688,Baron M.,1124200,Urban W.,3,0
14994085,table-tennis,finished,2025-11-03,1762196100000,19041,TT Elite Series,1340,Poland,,,,,,500957,Przewlocki J.,419378,Kowalczyk M.,3,0
15001573,table-tennis,finished,2025-11-03,1762196100000,15005,TT Cup,1369,Czech Republic,,,,,,1105728,Sykora D.,494477,Kral A.,3,1
14993267,table-tennis,finished,2025-11-03,1762196400000,19039,Czech Liga Pro,1369,Czech Republic,,,,,,410527,Barta M.,481160,Regner T.,1,3
14993268,table-tennis,finished,2025-11-03,1762196400000,19039,Czech Liga Pro,1369,Czech Republic,,,,,,409928,Boruvka L.,409925,Zajicek J.,2,3
14993269,table-tennis,finished,2025-11-03,1762196400000,19039,Czech Liga Pro,1369,Czech Republic,,,,,,355334,Mares E.,410291,Bilek Z.,3,2
14993270,table-tennis,finished,2025-11-03,1762196400000,19039,Czech Liga Pro,1369,Czech Republic,,,,,,493798,Tazler J.,409845,Pozarsky J.,1,3
14993883,table-tennis,finished,2025-11-03,1762196400000,15005,TT Cup,1369,Czech Republic,,,,,,501593,Stachera Tomasz,410603,Chybinski M.,0,3
14994086,table-tennis,finished,2025-11-03,1762196400000,19041,TT Elite Series,1340,Poland,,,,,,410600,Lewczuk M.,460304,Natkaniec M.,3,2
15001655,table-tennis,finished,2025-11-03,1762196400000,15005,TT Cup,1369,Czech Republic,,,,,,355229,Stusek M.,411717,Jicha D.,1,3
14993884,table-tennis,finished,2025-11-03,1762196700000,15005,TT Cup,1369,Czech Republic,,,,,,930965,Moroz A.,414759,Caban J.,3,1
15001627,table-tennis,finished,2025-11-03,1762197000000,15005,TT Cup,1369,Czech Republic,,,,,,523618,Cerny M.,1079724,Sochor D.,3,1
15001628,table-tennis,finished,2025-11-03,1762197000000,15005,TT Cup,1369,Czech Republic,,,,,,1111884,Moledo K.,1127322,Baban N.,0,3
14994088,table-tennis,finished,2025-11-03,1762197300000,19041,TT Elite Series,1340,Poland,,,,,,268036,Zandecki J.,412011,Kapik Krzysztof,0,3
14994089,table-tennis,finished,2025-11-03,1762197600000,19041,TT Elite Series,1340,Poland,,,,,,415463,Marud G.,498796,Gumulinski P.,3,0
14994090,table-tennis,finished,2025-11-03,1762197600000,19041,TT Elite Series,1340,Poland,,,,,,508022,Trela M.,412160,Burkacki M.,1,3
15000200,table-tennis,finished,2025-11-03,1762197600000,15005,TT Cup,1369,Czech Republic,,,,,,414085,Jirka L.,491329,Dohnal J.,3,2
14994091,table-tennis,finished,2025-11-03,1762197900000,19041,TT Elite Series,1340,Poland,,,,,,458799,Glanowski W.,1120700,Cyndera J.,1,3
14993271,table-tennis,finished,2025-11-03,1762198200000,19039,Czech Liga Pro,1369,Czech Republic,,,,,,1077470,Golis R.,412635,Strnad J.,1,3
14993272,table-tennis,finished,2025-11-03,1762198200000,19039,Czech Liga Pro,1369,Czech Republic,,,,,,458393,Kadavy S.,799152,Vinter T.,3,0
14993273,table-tennis,finished,2025-11-03,1762198200000,19039,Czech Liga Pro,1369,Czech Republic,,,,,,409924,Medek J.,409917,Macela P.,0,3
14993274,table-tennis,finished,2025-11-03,1762198200000,19039,Czech Liga Pro,1369,Czech Republic,,,,,,481710,Vavrecka M.,398480,Jindrak L.,2,3
14993885,table-tennis,finished,2025-11-03,1762198200000,15005,TT Cup,1369,Czech Republic,,,,,,517666,Michta M.,446419,Zapala K.,1,3
14994087,table-tennis,finished,2025-11-03,1762198200000,19041,TT Elite Series,1340,Poland,,,,,,449546,Rudomina K.,411645,Gluszek W.,3,1
15001656,table-tennis,finished,2025-11-03,1762198200000,15005,TT Cup,1369,Czech Republic,,,,,,355580,Vorisek T.,452588,Strejc F.,1,3
14993886,table-tennis,finished,2025-11-03,1762198500000,15005,TT Cup,1369,Czech Republic,,,,,,502328,Nagorzanski S.,450282,Witkowski T.,1,3
14994093,table-tennis,finished,2025-11-03,1762198500000,19041,TT Elite Series,1340,Poland,,,,,,854456,Strowski K.,459867,Kolodziej K.,2,3
14994094,table-tennis,finished,2025-11-03,1762198800000,19041,TT Elite Series,1340,Poland,,,,,,411478,Skorski M.,500957,Przewlocki J.,3,1
15000201,table-tennis,finished,2025-11-03,1762198800000,15005,TT Cup,1369,Czech Republic,,,,,,490558,Jansa S.,503330,Rolik J.,3,2
14994095,table-tennis,finished,2025-11-03,1762199100000,19041,TT Elite Series,1340,Poland,,,,,,1133509,Maszczynski D.,460304,Natkaniec M.,0,3
14994096,table-tennis,finished,2025-11-03,1762199100000,19041,TT Elite Series,1340,Poland,,,,,,411479,Nowak J.,497688,Baron M.,3,2
14994092,table-tennis,finished,2025-11-03,1762199400000,19041,TT Elite Series,1340,Poland,,,,,,410874,Mugowski A.,448751,Blocho P.,3,0
15000202,table-tennis,finished,2025-11-03,1762199400000,15005,TT Cup,1369,Czech Republic,,,,,,411794,Vyskocil Z.,412231,Dusan V.,2,3
15000203,table-tennis,finished,2025-11-03,1762199700000,15005,TT Cup,1369,Czech Republic,,,,,,410042,Brandtl A.,445964,Fiklik O.,1,3
14993275,table-tennis,finished,2025-11-03,1762200000000,19039,Czech Liga Pro,1369,Czech Republic,,,,,,410291,Bilek Z.,481710,Vavrecka M.,0,3
14993278,table-tennis,finished,2025-11-03,1762200000000,19039,Czech Liga Pro,1369,Czech Republic,,,,,,409845,Pozarsky J.,458393,Kadavy S.,0,3
14993279,table-tennis,finished,2025-11-03,1762200000000,19039,Czech Liga Pro,1369,Czech Republic,,,,,,481160,Regner T.,1077470,Golis R.,3,2
14993280,table-tennis,finished,2025-11-03,1762200000000,19039,Czech Liga Pro,1369,Czech Republic,,,,,,409925,Zajicek J.,409924,Medek J.,3,0
14993887,table-tennis,finished,2025-11-03,1762200000000,15005,TT Cup,1369,Czech Republic,,,,,,501593,Stachera Tomasz,462716,Rokita G.,3,0
14994098,table-tennis,finished,2025-11-03,1762200000000,19041,TT Elite Series,1340,Poland,,,,,,268047,Witkowski J.,268036,Zandecki J.,0,3
14993888,table-tennis,finished,2025-11-03,1762200300000,15005,TT Cup,1369,Czech Republic,,,,,,930965,Moroz A.,502328,Nagorzanski S.,3,1
14994097,table-tennis,finished,2025-11-03,1762200300000,19041,TT Elite Series,1340,Poland,,,,,,424764,Sobel A.,449546,Rudomina K.,2,3
14994099,table-tennis,finished,2025-11-03,1762200300000,19041,TT Elite Series,1340,Poland,,,,,,463583,Kotyl W.,419378,Kowalczyk M.,3,1
14994100,table-tennis,finished,2025-11-03,1762200600000,19041,TT Elite Series,1340,Poland,,,,,,498796,Gumulinski P.,467269,Pruszkowski J.,0,3
14994101,table-tennis,finished,2025-11-03,1762200600000,19041,TT Elite Series,1340,Poland,,,,,,410600,Lewczuk M.,458799,Glanowski W.,0,3
15000204,table-tennis,finished,2025-11-03,1762200600000,15005,TT Cup,1369,Czech Republic,,,,,,468534,Urban R.,412640,Vrastil P.,3,1
15000205,table-tennis,finished,2025-11-03,1762201200000,15005,TT Cup,1369,Czech Republic,,,,,,414085,Jirka L.,412231,Dusan V.,3,1
14994102,table-tennis,finished,2025-11-03,1762201500000,19041,TT Elite Series,1340,Poland,,,,,,411645,Gluszek W.,478388,Perzynski P.,1,3
14994103,table-tennis,finished,2025-11-03,1762201500000,19041,TT Elite Series,1340,Poland,,,,,,412011,Kapik Krzysztof,410535,Czerwinski B.,3,1
15000206,table-tennis,finished,2025-11-03,1762201500000,15005,TT Cup,1369,Czech Republic,,,,,,410188,Brozek M.,448100,Kosacky A.,2,3
14993281,table-tennis,finished,2025-11-03,1762201800000,19039,Czech Liga Pro,1369,Czech Republic,,,,,,398480,Jindrak L.,355334,Mares E.,3,2
14993282,table-tennis,finished,2025-11-03,1762201800000,19039,Czech Liga Pro,1369,Czech Republic,,,,,,409917,Macela P.,409928,Boruvka L.,3,0
14993284,table-tennis,finished,2025-11-03,1762201800000,19039,Czech Liga Pro,1369,Czech Republic,,,,,,412635,Strnad J.,410527,Barta M.,3,1
14993285,table-tennis,finished,2025-11-03,1762201800000,19039,Czech Liga Pro,1369,Czech Republic,,,,,,799152,Vinter T.,493798,Tazler J.,2,3
14993889,table-tennis,finished,2025-11-03,1762201800000,15005,TT Cup,1369,Czech Republic,,,,,,445388,Bucko D.,410603,Chybinski M.,3,1
14994104,table-tennis,finished,2025-11-03,1762201800000,19041,TT Elite Series,1340,Poland,,,,,,415463,Marud G.,1124200,Urban W.,1,3
14994105,table-tennis,finished,2025-11-03,1762201800000,19041,TT Elite Series,1340,Poland,,,,,,508022,Trela M.,500957,Przewlocki J.,3,2
14993890,table-tennis,finished,2025-11-03,1762202100000,15005,TT Cup,1369,Czech Republic,,,,,,450282,Witkowski T.,939247,Domagala P.,3,2
14994106,table-tennis,finished,2025-11-03,1762202100000,19041,TT Elite Series,1340,Poland,,,,,,1120700,Cyndera J.,1099488,Oracz J.,2,3
15000207,table-tennis,finished,2025-11-03,1762202400000,15005,TT Cup,1369,Czech Republic,,,,,,490558,Jansa S.,412640,Vrastil P.,1,3
14994107,table-tennis,finished,2025-11-03,1762202700000,19041,TT Elite Series,1340,Poland,,,,,,410874,Mugowski A.,449546,Rudomina K.,2,3
14994108,table-tennis,finished,2025-11-03,1762202700000,19041,TT Elite Series,1340,Poland,,,,,,854456,Strowski K.,268036,Zandecki J.,3,1
14994109,table-tennis,finished,2025-11-03,1762203000000,19041,TT Elite Series,1340,Poland,,,,,,411478,Skorski M.,463583,Kotyl W.,0,3
15000208,table-tennis,finished,2025-11-03,1762203000000,15005,TT Cup,1369,Czech Republic,,,,,,491329,Dohnal J.,411794,Vyskocil Z.,3,1
14994110,table-tennis,finished,2025-11-03,1762203300000,19041,TT Elite Series,1340,Poland,,,,,,497688,Baron M.,467269,Pruszkowski J.,2,3
15000209,table-tennis,finished,2025-11-03,1762203300000,15005,TT Cup,1369,Czech Republic,,,,,,410042,Brandtl A.,448100,Kosacky A.,3,2
14304888,football,finished,2025-11-03,1762117200000,18919,"Primera División, Reserves, Apertura",367,El Salvador,78786.0,"Primera Division, Reserves, Apertura 2025",,,,377881,Alianza FC U20,377767,CD Águila U20,2,1
14016058,football,finished,2025-11-03,1762117200000,11619,"Liga Guate Banrural, Apertura",365,Guatemala,76913.0,Liga Nacional. Apertura 2025,,,,7020,CD Mictlán,163298,Deportivo Guastatoya,2,3
14433986,football,postponed,2025-11-03,1762117200000,11671,"Liga de Ascenso, Apertura",289,Costa Rica,80462.0,"Liga de Ascenso, Apertura 2025",,,,274988,Municipal Turrialba,424502,AD Sarchi,0,0
14433994,football,postponed,2025-11-03,1762117200000,11671,"Liga de Ascenso, Apertura",289,Costa Rica,80462.0,"Liga de Ascenso, Apertura 2025",,,,275943,Municipal Santa Ana,424071,Limón Black Star,0,0
14879558,football,finished,2025-11-03,1762117200000,21341,Torneo Regional Federal Amateur – Región Litoral Sur,1783,Argentina Amateur,83588.0,Torneo Regional Federal Amateur – Región Litoral Sur 25/26,,,,1135155,Unión y Fraternidad,189721,Juventud Unida Gualeguaychú,0,2
14902752,football,finished,2025-11-03,1762117200000,14090,Torneo Federal A,48,Argentina,72836.0,Torneo Federal A 2025,,,,508986,CA Sarmiento de la Banda,314862,Atenas Rio Cuarto,0,1
14932516,football,finished,2025-11-03,1762117200000,21340,Torneo Regional Federal Amateur – Región Centro,1783,Argentina Amateur,83585.0,Torneo Regional Federal Amateur – Región Centro 25/26,,,,1134650,Independiente (Catamarca),65666,Atletico Policial,0,0
14932549,football,finished,2025-11-03,1762117200000,21340,Torneo Regional Federal Amateur – Región Centro,1783,Argentina Amateur,83585.0,Torneo Regional Federal Amateur – Región Centro 25/26,,,,495861,Vélez Sarsfield Oliva,511631,Atlético Talleres de Berrotaran,3,3
14932553,football,finished,2025-11-03,1762117200000,21340,Torneo Regional Federal Amateur – Región Centro,1783,Argentina Amateur,83585.0,Torneo Regional Federal Amateur – Región Centro 25/26,,,,930843,Sarmiento de Etruria,514733,Argentino de Marcos Juárez,1,1
14950936,football,finished,2025-11-03,1762117200000,13362,USL League One,26,USA,70264.0,USL League One 2025,,,,407748,One Knoxville SC,197072,Charlotte Independence,2,1
14954292,football,finished,2025-11-03,1762117200000,13470,Canadian Premier League,388,Canada,72315.0,Canadian Premier League 2025,,,,313716,Forge FC,309889,Cavalry FC,0,1
14960634,football,postponed,2025-11-03,1762117200000,937,Botola Pro,303,Morocco,78750.0,Botola Pro D1 25/26,,,,80395,RS Berkane,41757,Raja Club Athletic,0,0
14963877,football,finished,2025-11-03,1762117200000,19969,Segunda División,367,El Salvador,79098.0,Segunda Division 25/26,,,,463709,Atletico Balboa,322674,CD Fuerte Aguilares,3,1
14963878,football,finished,2025-11-03,1762117200000,19969,Segunda División,367,El Salvador,79098.0,Segunda Division 25/26,,,,109319,CD Dragon,1110668,CD Talleres Jr,1,1
14965970,football,finished,2025-11-03,1762117200000,19969,Segunda División,367,El Salvador,79098.0,Segunda Division 25/26,,,,852894,AD Batanecos,1110671,Sensunte Cabanas FC,3,0
14970029,football,finished,2025-11-03,1762117200000,21338,Torneo Regional Federal Amateur – Región Norte,1783,Argentina Amateur,83589.0,Torneo Regional Federal Amateur – Región Norte 25/26,,,,1135609,Sportivo San José,1135608,Rio Dorado,1,0
14941416,football,finished,2025-11-03,1762117200000,11613,"Liga Hondubet de Honduras, Apertura",437,Honduras,77972.0,"Liga Nacional, Apertura 2025",,,,800157,Génesis PN,800174,CD Choloma,1,0
14990788,football,finished,2025-11-03,1762117200000,20341,Liga TDP,12,Mexico,,,,,,937753,Tlapa Mazatecochco,965183,Delta Tehuacan,2,1
14882206,football,finished,2025-11-03,1762117200000,21344,Torneo Regional Federal Amateur – Región Pampeana Sur,1783,Argentina Amateur,83591.0,Torneo Regional Federal Amateur – Región Pampeana Sur 25/26,,,,495396,Estudiantes Olavarría,495404,CA Argentinos 25 de Mayo,0,0
14882207,football,finished,2025-11-03,1762117200000,21344,Torneo Regional Federal Amateur – Región Pampeana Sur,1783,Argentina Amateur,83591.0,Torneo Regional Federal Amateur – Región Pampeana Sur 25/26,,,,1135667,Sportivo 25 de Mayo,340429,Racing Olavarría,1,4
14927937,football,finished,2025-11-03,1762117200000,21343,Torneo Regional Federal Amateur – Región Pampeana Norte,1783,Argentina Amateur,83590.0,Torneo Regional Federal Amateur – Región Pampeana Norte 25/26,,,,931124,Atlético Baradero,1135692,Lima FC,1,1
14928007,football,finished,2025-11-03,1762117200000,21343,Torneo Regional Federal Amateur – Región Pampeana Norte,1783,Argentina Amateur,83590.0,Torneo Regional Federal Amateur – Región Pampeana Norte 25/26,,,,495497,Argentino de Rojas,265816,Juventud de Pergamino,1,0
14928018,football,finished,2025-11-03,1762117200000,21343,Torneo Regional Federal Amateur – Región Pampeana Norte,1783,Argentina Amateur,83590.0,Torneo Regional Federal Amateur – Región Pampeana Norte 25/26,,,,931132,Club Rivadavia de Lincoln,931133,Deportivo General Pinto,0,1
14928043,football,finished,2025-11-03,1762117200000,21343,Torneo Regional Federal Amateur – Región Pampeana Norte,1783,Argentina Amateur,83590.0,Torneo Regional Federal Amateur – Región Pampeana Norte 25/26,,,,931127,Asociación Cristiana,1135696,All-Haz,0,0
14957339,football,finished,2025-11-03,1762117200000,19511,BFA Senior League,1087,Bahamas,84859.0,BFA Senior League 25/26,,,,454470,United FC,497576,Inter Nassau,2,1
14981060,football,finished,2025-11-03,1762117200000,21919,"Liga Regional Colón, Primera",1783,Argentina Amateur,77658.0,Clausura 2025,,,,495858,Sportivo Forchieri,504762,CSD Quirquinchos Verdes (RC),0,4
14992955,football,finished,2025-11-03,1762117200000,29326,Primera A Riberalta,379,Bolivia,82276.0,2025,,,,1125356,San Juan de Integración,1125359,CD 31 de Octubre,1,2
14503158,football,finished,2025-11-03,1762117200000,15946,NCAA,26,USA,80007.0,"NCAA, Regular Season 2025",,,,329968,Oregon State Beavers,330018,Santa Clara Broncos,6,0
14464996,football,finished,2025-11-03,1762117200000,18944,"NCAA Regular Season, Women",26,USA,79467.0,"NCAA Regular Season, Women 2025",,,,422587,Delaware State Hornets,422557,Central Connecticut Blue Devils,0,4
14503159,football,finished,2025-11-03,1762117200000,15946,NCAA,26,USA,80007.0,"NCAA, Regular Season 2025",,,,329996,San Jose State Spartans,330014,Air Force Falcons,2,0
14557393,football,finished,2025-11-03,1762117200000,28541,NCAA II Men,26,USA,79952.0,"NCAA II, Regular Season 2025",,,,1114953,Rockhurst Hawks,1114942,Lincoln University Blue Tigers,0,0
14562551,football,finished,2025-11-03,1762117200000,28541,NCAA II Men,26,USA,79952.0,"NCAA II, Regular Season 2025",,,,1115381,West Florida Argonauts,1120735,West Alabama Tigers,0,0
14565104,football,finished,2025-11-03,1762117200000,28543,NCAA II Women,26,USA,79965.0,"NCAA II Women, Regular Season 2025",,,,1116637,Wheeling Cardinals,1116638,Point Park Pioneers,0,1
14931591,football,finished,2025-11-03,1762117200000,22005,Kings League Américas,1468,World,84764.0,Kings Cup 25/26,,,,506952,Club de Cuervos,1137064,Simios FC,4,3
14941294,football,finished,2025-11-03,1762117200000,10636,Premier Football League,1153,Trinidad and Tobago,85126.0,TT Premier League 25/26,,,,498823,FC Phoenix 1976,477699,Prisons FC,0,4
14983855,football,finished,2025-11-03,1762117200000,18944,"NCAA Regular Season, Women",26,USA,79467.0,"NCAA Regular Season, Women 2025",,,,296134,UMass Lowell River Hawks,422510,Bryant Bulldogs,4,3
14989513,football,finished,2025-11-03,1762117221000,29749,Copa Trinche Rushbet Atlántico,1919,Colombia Amateur,83491.0,2025,,,,1131799,Pradito FC,1131795,Amigos De Salas FC,5,6
14879681,football,finished,2025-11-03,1762118100000,703,Primera Nacional,48,Argentina,71009.0,Primera Nacional 2025,,,,93107,Estudiantes de Buenos Aires,93513,Tristán Suárez,1,0
14929408,football,finished,2025-11-03,1762118100000,16736,División Profesional,379,Bolivia,73577.0,Division Profesional 2025,,,,335685,CD Real Tomayapo,7878,Jorge Wilstermann,6,1
13472681,football,finished,2025-11-03,1762119000000,325,Brasileirão Betano,13,Brazil,72034.0,Brasileiro Serie A 2025,Estádio Beira-Rio,Porto Alegre,Brazil,1966,Internacional,1977,Atlético Mineiro,0,0
13472694,football,finished,2025-11-03,1762119000000,325,Brasileirão Betano,13,Brazil,72034.0,Brasileiro Serie A 2025,Estádio Alfredo Jaconi,Caxias do Sul,Brazil,1980,Juventude,1963,Palmeiras,0,2
14069560,football,finished,2025-11-03,1762119000000,155,Liga Profesional de Fútbol,48,Argentina,77826.0,Torneo Clausura,Estadio Malvinas Argentinas,Mendoza,Argentina,6074,Godoy Cruz,7772,San Martín de San Juan,0,0
14433991,football,finished,2025-11-03,1762119000000,11671,"Liga de Ascenso, Apertura",289,Costa Rica,80462.0,"Liga de Ascenso, Apertura 2025",,,,7042,AD Carmelita,262907,AD Aserrí,1,1
14879370,football,finished,2025-11-03,1762119000000,21342,Torneo Regional Federal Amateur – Región Cuyo,1783,Argentina Amateur,83586.0,Torneo Regional Federal Amateur – Región Cuyo 25/26,,,,238192,Pacífico,314244,Sportivo Pedal,0,0
14932536,football,finished,2025-11-03,1762119000000,21340,Torneo Regional Federal Amateur – Región Centro,1783,Argentina Amateur,83585.0,Torneo Regional Federal Amateur – Región Centro 25/26,,,,1127005,Bochas Sport Club,1127001,Club de Fútbol Ilusion del Norte Sebastian Elcano,0,0
14939061,football,finished,2025-11-03,1762119000000,16704,Promé Divishon,1099,Curacao,85120.0,25/26,,,,246865,RKSV Scherpenheuvel,248874,RKSV Centro Dominguito,3,3
14780686,football,finished,2025-11-03,1762119000000,26100,Copa Promesas Oro,20,Peru,81416.0,Clausura 2025,,,,1127159,United Soccer U12,1086832,Golden Boys FC U12,1,3
13638710,football,finished,2025-11-03,1762119000000,390,Brasileirão Série B,13,Brazil,72603.0,Brasileiro Serie B 2025,Estádio Banpará Baenão,Belém,Brazil,2012,Remo,21845,Chapecoense,1,1
14927992,football,finished,2025-11-03,1762119000000,21343,Torneo Regional Federal Amateur – Región Pampeana Norte,1783,Argentina Amateur,83590.0,Torneo Regional Federal Amateur – Región Pampeana Norte 25/26,,,,459446,La Emilia,495490,Paraná FC,1,0
14491368,football,finished,2025-11-03,1762119000000,28541,NCAA II Men,26,USA,79952.0,"NCAA II, Regular Season 2025",,,,1114971,Colorado Mesa Mavericks,1114977,MSU Denver Roadrunners,0,3
14492243,football,finished,2025-11-03,1762119000000,28541,NCAA II Men,26,USA,79952.0,"NCAA II, Regular Season 2025",,,,1114972,Colorado Mines Orediggers,1114981,UCCS Mountain Lions,1,3
14561597,football,finished,2025-11-03,1762119000000,28541,NCAA II Men,26,USA,79952.0,"NCAA II, Regular Season 2025",,,,1115372,Auburn Montgomery Warhawks,1115374,Delta State Statesmen,2,1
14972564,football,finished,2025-11-03,1762119000000,18944,"NCAA Regular Season, Women",26,USA,79467.0,"NCAA Regular Season, Women 2025",,,,422300,Western Kentucky Lady Toppers,422481,Missouri State Bears,0,2
14988778,football,notstarted,2025-11-03,1762119900000,19950,BVIFA National League,1711,British Virgin Islands,83193.0,BVIFA National League 25/26,,,,933557,Avengers FC,463152,Sugar Boys FC,0,0
14781899,football,finished,2025-11-03,1762119900000,26100,Copa Promesas Oro,20,Peru,81416.0,Clausura 2025,,,,1086782,Boys Santa Rosa U9,1086849,Sport Boys U9,0,3
14781940,football,finished,2025-11-03,1762119900000,26100,Copa Promesas Oro,20,Peru,81416.0,Clausura 2025,,,,1127069,United Soccer U8,1086773,Cantolao Chorrillos U8,4,0
14534555,football,finished,2025-11-03,1762120800000,20209,Liga Dominicana de Fútbol,1457,Dominican Republic,79807.0,Liga Dominicana de Fútbol 25/26,Estadio Cibao FC,Santiago de los Caballeros,Dominican Republic,229208,Cibao FC,229798,Atlético San Cristóbal,6,0
14326749,football,finished,2025-11-03,1762120800000,28384,USL Super League,26,USA,79570.0,USL Super League 25/26,,,,938069,Dallas Trinity,938777,DC Power FC,2,3
14879563,football,finished,2025-11-03,1762120800000,21341,Torneo Regional Federal Amateur – Región Litoral Sur,1783,Argentina Amateur,83588.0,Torneo Regional Federal Amateur – Región Litoral Sur 25/26,,,,1135595,Lanus CdU,930902,Recreativo San Jorge,0,0
14879589,football,finished,2025-11-03,1762120800000,21341,Torneo Regional Federal Amateur – Región Litoral Sur,1783,Argentina Amateur,83588.0,Torneo Regional Federal Amateur – Región Litoral Sur 25/26,,,,313703,Colón San Justo,1135601,Central San Javier,0,0
14924030,football,finished,2025-11-03,1762120800000,278,Liga AUF Uruguaya,57,Uruguay,71306.0,Liga AUF Uruguaya 2025,Estadio Campeón del Siglo,Montevideo,Uruguay,3227,Peñarol,3229,Defensor Sporting,2,1
14932556,football,finished,2025-11-03,1762120800000,21340,Torneo Regional Federal Amateur – Región Centro,1783,Argentina Amateur,83585.0,Torneo Regional Federal Amateur – Región Centro 25/26,,,,930850,Matienzo de Monte Buey,1135123,9 de Julio de Morteros,0,1
14932581,football,finished,2025-11-03,1762120800000,21340,Torneo Regional Federal Amateur – Región Centro,1783,Argentina Amateur,83585.0,Torneo Regional Federal Amateur – Región Centro 25/26,,,,495874,La Ensenada,1134642,Agua y Energía,0,0
14970142,football,finished,2025-11-03,1762120800000,21340,Torneo Regional Federal Amateur – Región Centro,1783,Argentina Amateur,83585.0,Torneo Regional Federal Amateur – Región Centro 25/26,,,,495839,Defensores de la Plata,1134622,Club Juventud Independiente,0,0
14973687,football,finished,2025-11-03,1762120800000,19790,ABFA Premier League,1085,Antigua and Barbuda,85159.0,ABFA Premier League 25/26,,,,459375,All Saints United,337725,Ottos Rangers FC,1,0
14949977,football,postponed,2025-11-03,1762120800000,16948,Premier League,1612,Grenada,76120.0,2025,,,,1096051,North Stars FC,381880,Paradise FCI,0,0
14949978,football,postponed,2025-11-03,1762120800000,16948,Premier League,1612,Grenada,76120.0,2025,,,,1096050,Saint David's FC,381877,St. John's SC,0,0
14990791,football,finished,2025-11-03,1762120800000,20341,Liga TDP,12,Mexico,,,,,,505348,Delfines de Abasolo,936795,Club Atlético Valladolid,2,3
14474730,football,finished,2025-11-03,1762120800000,21115,Premier League of Belize,1090,Belize,79584.0,25/26,,,,524602,Port Layola FC,1112838,Belmopan FC Belize,3,2
14927988,football,finished,2025-11-03,1762120800000,21343,Torneo Regional Federal Amateur – Región Pampeana Norte,1783,Argentina Amateur,83590.0,Torneo Regional Federal Amateur – Región Pampeana Norte 25/26,,,,1135694,San Martín PM,1132283,Independencia Fútbol Club,0,0
14893524,football,finished,2025-11-03,1762120800000,19345,Division di Honor,1086,Aruba,84760.0,Division di Honor 25/26,Centro Deportivo Frans Figaroa,Noord,Aruba,451277,SV Estrella Papilon,406221,Sporting Aruba,1,3
14965343,football,finished,2025-11-03,1762120800000,27318,Primera B Tarija,379,Bolivia,76770.0,2025,,,,1095950,Gobierno Municipal,1099090,CD Educación Técnica Agro,3,2
14493574,football,finished,2025-11-03,1762120800000,28541,NCAA II Men,26,USA,79952.0,"NCAA II, Regular Season 2025",,,,1115193,Cal Poly Humboldt State Lumberjacks,1115198,Cal State Monterey Bay Otters,3,3
14493675,football,finished,2025-11-03,1762120800000,28541,NCAA II Men,26,USA,79952.0,"NCAA II, Regular Season 2025",,,,1115194,Cal Poly Pomona Broncos,1115197,Cal State Los Angeles Golden Eagles,0,1
14493835,football,finished,2025-11-03,1762120800000,28541,NCAA II Men,26,USA,79952.0,"NCAA II, Regular Season 2025",,,,1115206,Cal State San Marcos Cougars,1115213,UC Merced Bobcats,1,0
14539853,football,finished,2025-11-03,1762120800000,28543,NCAA II Women,26,USA,79965.0,"NCAA II Women, Regular Season 2025",,,,1116156,Cal State East Bay Pioneers,1116162,Cal State Chico Wildcats,1,1
14931593,football,finished,2025-11-03,1762120800000,22005,Kings League Américas,1468,World,84764.0,Kings Cup 25/26,,,,506953,Galácticos del Caribe,1137061,KRÜ FC,3,4
14924731,football,finished,2025-11-03,1762120800000,10456,Segunda División,281,Venezuela,74210.0,Segunda Division 2025,,,,476925,Deportivo Miranda,264158,Titanes Fútbol Club,2,2
13403181,football,finished,2025-11-03,1762121700000,1690,NWSL,26,USA,71412.0,National Womens Soccer League 2025,SeatGeek Stadium,Bridgeview,USA,34714,Chicago Stars FC,408169,Angel City FC,2,1
13403201,football,finished,2025-11-03,1762121700000,1690,NWSL,26,USA,71412.0,National Womens Soccer League 2025,Providence Park,Portland,USA,151008,Portland Thorns FC,151006,Houston Dash,2,0
13403175,football,finished,2025-11-03,1762121700000,1690,NWSL,26,USA,71412.0,National Womens Soccer League 2025,Lynn Family Stadium,Louisville,USA,377825,Racing Louisville,505655,Bay FC,1,0
13403200,football,finished,2025-11-03,1762121700000,1690,NWSL,26,USA,71412.0,National Womens Soccer League 2025,Rio Tinto Stadium,Sandy,USA,278067,Utah Royals FC,151012,Washington Spirit,1,0
13403170,football,finished,2025-11-03,1762121700000,1690,NWSL,26,USA,71412.0,National Womens Soccer League 2025,WakeMed Soccer Park,Cary,USA,49787,North Carolina Courage,34718,NJ/NY Gotham FC,3,2
13403199,football,finished,2025-11-03,1762121700000,1690,NWSL,26,USA,71412.0,National Womens Soccer League 2025,Inter&Co Stadium,Orlando,USA,215083,Orlando Pride,151010,Seattle Reign FC,1,1
14115420,football,postponed,2025-11-03,1762121700000,11536,"Primera A, Finalización",274,Colombia,77825.0,"Primera A, Clausura 2025",Estadio Atanasio Girardot,Medellin,Colombia,6106,Atlético Nacional,48244,Rionegro Águilas Doradas,0,0
14879581,football,finished,2025-11-03,1762122600000,21341,Torneo Regional Federal Amateur – Región Litoral Sur,1783,Argentina Amateur,83588.0,Torneo Regional Federal Amateur – Región Litoral Sur 25/26,,,,314092,CS Ben Hur,930898,Atlético San Jorge,3,2
14932531,football,finished,2025-11-03,1762122600000,21340,Torneo Regional Federal Amateur – Región Centro,1783,Argentina Amateur,83585.0,Torneo Regional Federal Amateur – Región Centro 25/26,,,,930847,Obras Sanitarias de Mina Clavero,339886,Comercio Villa Dolores,0,0
14562388,football,finished,2025-11-03,1762122600000,28541,NCAA II Men,26,USA,79952.0,"NCAA II, Regular Season 2025",,,,1115379,Trevecca Nazarene Trojans,1115380,Union University Bulldogs,2,2
14872454,football,finished,2025-11-03,1762122657000,23379,UPSL Washington,1597,USA Amateur,80162.0,UPSL Washington 2025,,,,1082880,SEAGAM FC Seattle,1116035,Seatown FC Seattle,0,0
14179597,football,finished,2025-11-03,1762124400000,11611,"Liga de Expansión MX, Apertura",12,Mexico,78356.0,"Liga de Expansion MX, Apertura 2025",,,,1943,Atlante FC,354926,Cancún FC,1,1
14879576,football,finished,2025-11-03,1762124400000,21341,Torneo Regional Federal Amateur – Región Litoral Sur,1783,Argentina Amateur,83588.0,Torneo Regional Federal Amateur – Región Litoral Sur 25/26,,,,1135598,Centro Cultural Aldao,228166,Unión de Sunchales,0,0
14668182,football,finished,2025-11-03,1762124400000,11541,"Primera División, Clausura",280,Paraguay,69831.0,"Division de Honor, Clausura 2025",General Pablo Rojas,Asuncion,Paraguay,5991,Cerro Porteño,5994,Guaraní,1,0
14841195,football,finished,2025-11-03,1762124400000,406,Liga 1,20,Peru,70962.0,Liga 1 2025,Estadio Inca Garcilaso de la Vega,Cusco,Peru,2301,Cienciano,511206,ADC Juan Pablo II,2,1
14841197,football,finished,2025-11-03,1762124400000,406,Liga 1,20,Peru,70962.0,Liga 1 2025,Estadio Miguel Grau,Callao,Peru,2312,Sport Boys,87854,Universidad Técnica de Cajamarca,2,2
14902766,football,finished,2025-11-03,1762124400000,240,LigaPro Serie A,165,Ecuador,71184.0,LigaPro Primera A 2025,Olimpico Atahualpa,Quito,Ecuador,21942,Universidad Católica del Ecuador,5250,Barcelona SC,1,1
14932527,football,finished,2025-11-03,1762124400000,21340,Torneo Regional Federal Amateur – Región Centro,1783,Argentina Amateur,83585.0,Torneo Regional Federal Amateur – Región Centro 25/26,,,,314298,General Paz Juniors,1134922,Biblioteca Newell's Old Boys,0,0
14932548,football,finished,2025-11-03,1762124400000,21340,Torneo Regional Federal Amateur – Región Centro,1783,Argentina Amateur,83585.0,Torneo Regional Federal Amateur – Región Centro 25/26,,,,496022,Belgrano de Berrotarán,1134965,Renato Cesarini,0,0
14932579,football,finished,2025-11-03,1762124400000,21340,Torneo Regional Federal Amateur – Región Centro,1783,Argentina Amateur,83585.0,Torneo Regional Federal Amateur – Región Centro 25/26,,,,934834,Central Argentino de La Banda,1134641,Club Icaño,2,0
14932588,football,finished,2025-11-03,1762124400000,21340,Torneo Regional Federal Amateur – Región Centro,1783,Argentina Amateur,83585.0,Torneo Regional Federal Amateur – Región Centro 25/26,,,,495836,Defensores de la Boca,930876,Chacarita Juniors de Aimogasta,0,0
14970023,football,finished,2025-11-03,1762124400000,21338,Torneo Regional Federal Amateur – Región Norte,1783,Argentina Amateur,83589.0,Torneo Regional Federal Amateur – Región Norte 25/26,,,,374658,Talleres de Perico,495679,Racing Ojo de Agua,3,0
14957689,football,finished,2025-11-03,1762124400000,10533,Liga Primera de Nicaragua,1130,Nicaragua,78523.0,Primera Division 25/26,,,,201261,Deportivo Walter Ferretti,25353,Real Estelí,0,1
13984979,football,finished,2025-11-03,1762124400000,11621,"Liga MX, Apertura",12,Mexico,76500.0,"Liga MX, Apertura 2025",Estadio La Corregidora,Santiago de Queretaro,Mexico,1951,Querétaro FC,1946,Mazatlán FC,1,0
14882197,football,finished,2025-11-03,1762124400000,21344,Torneo Regional Federal Amateur – Región Pampeana Sur,1783,Argentina Amateur,83591.0,Torneo Regional Federal Amateur – Región Pampeana Sur 25/26,,,,1135662,Sportivo Olimpo,1135663,Grupo Universitario Tandil,0,0
14957340,football,finished,2025-11-03,1762124400000,19511,BFA Senior League,1087,Bahamas,84859.0,BFA Senior League 25/26,,,,454465,Westside Renegades,454471,Dynamos Nassau FC,0,0
14992957,football,finished,2025-11-03,1762124400000,29326,Primera A Riberalta,379,Bolivia,82276.0,2025,,,,1125361,CD Bolital,1125362,FC Turbión,1,3
14931584,football,finished,2025-11-03,1762124400000,22005,Kings League Américas,1468,World,84764.0,Kings Cup 25/26,,,,461098,Aniquiladores FC,506959,Persas FC,5,6
14941296,football,finished,2025-11-03,1762124400000,10636,Premier Football League,1153,Trinidad and Tobago,85126.0,TT Premier League 25/26,,,,289211,Point Fortin FC,245988,La Horquetta Rangers,2,1
14954748,football,finished,2025-11-03,1762124400000,18576,SVB Eerste Divisie,1147,Suriname,85155.0,SVB Eerste Divisie 25/26,,,,410515,SV Voorwaarts,410518,SV Notch,2,2
14958299,football,finished,2025-11-03,1762124400000,20938,Divisional D AUF,57,Uruguay,76082.0,Divisional D AUF 2025,Parque Palermo,Montevideo,Uruguay,1100300,CA Los Gorriones,1095801,Liffa Club,0,1
14983859,football,finished,2025-11-03,1762124400000,18944,"NCAA Regular Season, Women",26,USA,79467.0,"NCAA Regular Season, Women 2025",,,,422570,Utah State Aggies,422412,New Mexico Lobos,1,0
14410666,football,finished,2025-11-03,1762125300000,11613,"Liga Hondubet de Honduras, Apertura",437,Honduras,77972.0,"Liga Nacional, Apertura 2025",,,,42213,Platense Futbol Club,25358,CD Olimpia,0,1
13472666,football,finished,2025-11-03,1762126200000,325,Brasileirão Betano,13,Brazil,72034.0,Brasileiro Serie A 2025,Estádio São Januário,Rio de Janeiro,Brazil,1974,Vasco da Gama,1981,São Paulo,0,2
14069566,football,finished,2025-11-03,1762126200000,155,Liga Profesional de Fútbol,48,Argentina,77826.0,Torneo Clausura,Estadio Mâs Monumental,Buenos Aires,Argentina,3211,River Plate,3205,Gimnasia y Esgrima,0,1
13443434,football,finished,2025-11-03,1762126200000,11653,Liga de Primera,49,Chile,71131.0,Liga de Primera 2025,Sausalito,Vina del Mar,Chile,5032,Everton de Viña del Mar,3153,Unión Española,0,0
14945106,football,finished,2025-11-03,1762126200000,1335,Copa Colombia,274,Colombia,76050.0,Copa Colombia 2025,,,,6106,Atlético Nacional,6102,América de Cali,4,1
14970028,football,finished,2025-11-03,1762126200000,21338,Torneo Regional Federal Amateur – Región Norte,1783,Argentina Amateur,83589.0,Torneo Regional Federal Amateur – Región Norte 25/26,,,,495681,Atlético San Pedro,495683,Defensores de Yuto,0,0
14990793,football,finished,2025-11-03,1762126200000,20341,Liga TDP,12,Mexico,,,,,,1137599,Jaguares de Chiapas FC II,1137224,Sporting Canamy II,2,1
13638714,football,finished,2025-11-03,1762126200000,390,Brasileirão Série B,13,Brazil,72603.0,Brasileiro Serie B 2025,Estádio Germano Krüger,Ponta Grossa,Brazil,39634,Operário-PR,2021,Vila Nova FC,2,2
14917332,football,finished,2025-11-03,1762126200000,242,MLS,26,USA,70158.0,MLS 2025,Lower.com Field,Columbus,USA,2504,Columbus Crew,215167,FC Cincinnati,4,0
14972573,football,finished,2025-11-03,1762126200000,18944,"NCAA Regular Season, Women",26,USA,79467.0,"NCAA Regular Season, Women 2025",,,,422468,Mississippi State Bulldogs,296270,Oklahoma Sooners,1,0
14939063,football,notstarted,2025-11-03,1762127100000,16704,Promé Divishon,1099,Curacao,85120.0,25/26,,,,246866,CRKSV Jong Holland,246904,SV UNDEBA,0,0
14932552,football,finished,2025-11-03,1762128000000,21340,Torneo Regional Federal Amateur – Región Centro,1783,Argentina Amateur,83585.0,Torneo Regional Federal Amateur – Región Centro 25/26,,,,1134997,Huracan Laboulaye,1134996,Sarmiento de Pueblo Italiano,0,0
14970425,football,finished,2025-11-03,1762128000000,21345,Torneo Regional Federal Amateur – Región Patagónica,1783,Argentina Amateur,83592.0,Torneo Regional Federal Amateur – Región Patagónica 25/26,,,,495214,Atlético Boxing Club,495216,Deportivo Esperanza,0,0
14973693,football,finished,2025-11-03,1762128000000,19790,ABFA Premier League,1085,Antigua and Barbuda,85159.0,ABFA Premier League 25/26,,,,459380,Grenades FC,500239,John Hughes SC,1,0
14988780,football,finished,2025-11-03,1762128000000,19950,BVIFA National League,1711,British Virgin Islands,83193.0,BVIFA National League 25/26,,,,463146,Rebels FC,463150,Virgin Gorda United,0,0
14881726,football,notstarted,2025-11-03,1762128000000,28924,"LPR Pro, Apertura",1136,Puerto Rico,81169.0,25/26,,,,1120432,Guayama FC,1120434,FC Mayagüez,0,0
14906093,football,finished,2025-11-03,1762128000000,30257,TFA 1st Division,1090,Belize,84821.0,25/26,,,,1137301,Top Shottaz,1137305,El Shaddai Academy,0,0
14893525,football,finished,2025-11-03,1762128000000,19345,Division di Honor,1086,Aruba,84760.0,Division di Honor 25/26,Centro Deportivo Frans Figaroa,Noord,Aruba,451285,SV Dakota,451282,ASV River Plate,5,1
14503160,football,finished,2025-11-03,1762128000000,15946,NCAA,26,USA,80007.0,"NCAA, Regular Season 2025",,,,330002,Florida Atlantic Owls,329874,Tulsa Golden Hurricane,0,0
14503161,football,finished,2025-11-03,1762128000000,15946,NCAA,26,USA,80007.0,"NCAA, Regular Season 2025",,,,329930,Missouri State Bears,330000,Charlotte 49ers,2,2
14931585,football,finished,2025-11-03,1762128000000,22005,Kings League Américas,1468,World,84764.0,Kings Cup 25/26,,,,506954,Los Aliens 1021,506955,Los Chamos FC,3,5
14972562,football,finished,2025-11-03,1762128000000,18944,"NCAA Regular Season, Women",26,USA,79467.0,"NCAA Regular Season, Women 2025",,,,422299,Middle Tennessee Blue Raiders,422302,Fiu Panthers,0,0
14809170,football,finished,2025-11-03,1762128006000,28351,UPSL Washington - Division 1,1597,USA Amateur,79461.0,2025,,,,1116462,Sammamish FC,1127160,United Sports II Bellevue,0,0
14115419,football,postponed,2025-11-03,1762129800000,11536,"Primera A, Finalización",274,Colombia,77825.0,"Primera A, Clausura 2025",Estadio Municipal de Cota,Cota,Colombia,89368,Fortaleza CEIF,6105,Junior Barranquilla,0,0
14142578,football,finished,2025-11-03,1762131600000,11535,"Primera División, Apertura",289,Costa Rica,78002.0,"Primera Division, Apertura 2025",,,,6575,Municipal Liberia,6572,LD Alajuelense,1,4
14950938,football,finished,2025-11-03,1762131600000,13362,USL League One,26,USA,70264.0,USL League One 2025,,,,502354,Spokane Velocity FC,253417,South Georgia Tormenta FC,5,4
14957688,football,finished,2025-11-03,1762131600000,10533,Liga Primera de Nicaragua,1130,Nicaragua,78523.0,Primera Division 25/26,,,,248234,Diriangén FC,373012,Club Sport Sébaco,5,0
14963519,football,finished,2025-11-03,1762131600000,28165,Primera División de Ascenso,365,Guatemala,79013.0,Primera Division 25/26,,,,829859,CS Deportivo Sacachispas,1110521,Aguacatán FC,2,0
13984980,football,finished,2025-11-03,1762131600000,11621,"Liga MX, Apertura",12,Mexico,76500.0,"Liga MX, Apertura 2025",Estadio Miguel Hidalgo,Pachuca de Soto,Mexico,1936,CF Pachuca,1938,CD Guadalajara,0,1
14503162,football,finished,2025-11-03,1762131600000,15946,NCAA,26,USA,80007.0,"NCAA, Regular Season 2025",,,,329869,Memphis Tigers,329870,South Florida Bulls,3,4
14464997,football,finished,2025-11-03,1762131600000,18944,"NCAA Regular Season, Women",26,USA,79467.0,"NCAA Regular Season, Women 2025",,,,422437,Utah Tech Trailblazers,422448,Southern Utah Thunderbirds,8,1
14493690,football,finished,2025-11-03,1762131600000,28541,NCAA II Men,26,USA,79952.0,"NCAA II, Regular Season 2025",,,,1115195,Cal State Dominguez Hills Toros,1115199,Cal State San Bernardino Coyotes,0,0
14931592,football,finished,2025-11-03,1762131600000,22005,Kings League Américas,1468,World,84764.0,Kings Cup 25/26,,,,506951,Atlético Parceros,506958,Peluche Caligari,5,8
14983856,football,finished,2025-11-03,1762131600000,18944,"NCAA Regular Season, Women",26,USA,79467.0,"NCAA Regular Season, Women 2025",,,,422498,Cal State Fullerton Titans,422569,CSU Bakersfield Roadrunners,1,0
14983857,football,finished,2025-11-03,1762131600000,18944,"NCAA Regular Season, Women",26,USA,79467.0,"NCAA Regular Season, Women 2025",,,,422547,Duke Blue Devils,422475,Louisville Cardinals,1,0
14983860,football,finished,2025-11-03,1762131600000,18944,"NCAA Regular Season, Women",26,USA,79467.0,"NCAA Regular Season, Women 2025",,,,422350,Florida State Seminoles,422352,Virginia Tech Hokies,0,0
14993643,football,finished,2025-11-03,1762131600000,18944,"NCAA Regular Season, Women",26,USA,79467.0,"NCAA Regular Season, Women 2025",,,,422350,Florida State Seminoles,422383,Virginia Cavaliers,5,6
14961858,football,finished,2025-11-03,1762133400000,18641,MLS Next Pro,26,USA,71674.0,MLS Next Pro 2025,Dick's Sporting Goods Park,Commerce City,USA,411369,Colorado Rapids 2,411366,Minnesota United FC 2,2,1
14972576,football,finished,2025-11-03,1762133400000,18944,"NCAA Regular Season, Women",26,USA,79467.0,"NCAA Regular Season, Women 2025",,,,422324,LSU Tigers,422318,Auburn Tigers,3,2
14917315,football,finished,2025-11-03,1762134300000,242,MLS,26,USA,70158.0,MLS 2025,Q2 Stadium,Austin,USA,377973,Austin FC,274650,Los Angeles FC,1,4
14016057,football,finished,2025-11-03,1762135200000,11619,"Liga Guate Banrural, Apertura",365,Guatemala,76913.0,Liga Nacional. Apertura 2025,,,,7026,CSD Xelajú MC,7025,CSD Municipal,1,1
14950934,football,finished,2025-11-03,1762135200000,13363,USL Championship,26,USA,70263.0,USL Championship 2025,Papa Murphy's Park,Sacramento,USA,153498,Sacramento Republic FC,217781,Orange County SC,4,5
14931583,football,finished,2025-11-03,1762135200000,22005,Kings League Américas,1468,World,84764.0,Kings Cup 25/26,,,,1137057,Guerrilla FC,506960,Raniza FC,3,5
14983858,football,finished,2025-11-03,1762135200000,18944,"NCAA Regular Season, Women",26,USA,79467.0,"NCAA Regular Season, Women 2025",,,,422463,UC Irvine Anteaters,422452,UC Santa Barbara Gauchos,0,1
14983861,football,finished,2025-11-03,1762135200000,18944,"NCAA Regular Season, Women",26,USA,79467.0,"NCAA Regular Season, Women 2025",,,,422534,San Diego State Aztecs,422454,Colorado State Rams,0,1
14872455,football,finished,2025-11-03,1762135257000,23379,UPSL Washington,1597,USA Amateur,80162.0,UPSL Washington 2025,,,,830373,Bellevue Athletic FC,1082881,Seattle Eagles FC,3,0
14138978,football,finished,2025-11-03,1762142400000,18653,WE-League,52,Japan,77981.0,"WE League, Women 25/26",,,,216774,JEF United Ichihara Chiba,216777,AC Nagano Parceiro,4,1
14138980,football,finished,2025-11-03,1762146000000,18653,WE-League,52,Japan,77981.0,"WE League, Women 25/26",,,,216776,Mynavi Vegalta Sendai,216772,Albirex Niigata,2,1
14138975,football,finished,2025-11-03,1762146000000,18653,WE-League,52,Japan,77981.0,"WE League, Women 25/26",,,,320575,Omiya Ardija,391854,Sanfrecce Hiroshima Regina,2,2
14763436,football,finished,2025-11-03,1762146000000,18725,Mongolian Premier League,1459,Mongolia,83145.0,Premier League 25/26,,,,350409,Deren FC,350464,Khovd,8,0
14905012,football,finished,2025-11-03,1762147800000,29341,BDFA Super Division League,1598,India Amateur,82323.0,2025,,,,449198,Agniputhra,404813,Megt & Centre,6,0
14981698,football,finished,2025-11-03,1762150500000,30438,Manipur Premier League,1598,India Amateur,85193.0,25/26,,,,379336,Kiyc Kshetri,379333,Southern Sporting Union,0,2
14994184,football,finished,2025-11-03,1762150800000,24672,Indonesia Liga 4,368,Indonesia,,,,,,502193,Persima Majalengka,499158,Persindra Indramayu,1,2
14994185,football,finished,2025-11-03,1762151400000,24672,Indonesia Liga 4,368,Indonesia,,,,,,1142323,PSAD Brawijaya Surabaya,1142324,Putra Perak,4,0
13481949,football,finished,2025-11-03,1762153200000,2293,J3 League,52,Japan,70420.0,J3 League 2025,,,,44528,FC Ryukyu,56419,Tochigi City FC,2,2
14742420,football,finished,2025-11-03,1762155900000,24502,SSA First Division,1598,India Amateur,82057.0,SSA First Division 2025,SSA Stadium,Shillong,India,510621,Nongthymmai SC,937887,Nongkseh SS & CC,0,1
14859043,football,finished,2025-11-03,1762156800000,27074,National Games of China U20,99,China,82474.0,2025,Shenzhen Sports Center,Shenzhen,China,929261,Macau U20,1126545,Sichuan U20,0,4
14994165,football,finished,2025-11-03,1762156800000,27074,National Games of China U20,99,China,82474.0,2025,Shenzhen Dayun Arena,Shenzhen,China,1126564,Xinjiang U20,1097260,Zhejiang U20,1,0
14905010,football,finished,2025-11-03,1762156800000,29341,BDFA Super Division League,1598,India Amateur,82323.0,2025,,,,935773,Parikrma FC,374017,Bangalore Dream United FC,2,2
14975772,football,finished,2025-11-03,1762156825000,22197,GARFA Division Two,542,Ghana,83832.0,GARFA Division Two 25/26,,,,511887,Eurafrica FC,508762,FC John Paintsil,0,1
14214763,football,finished,2025-11-03,1762158600000,1015,Indonesia Super League,368,Indonesia,78590.0,Indonesia Super League 25/26,,,,135868,Persijap Jepara,491968,Malut United FC,1,2
14981699,football,finished,2025-11-03,1762158600000,30438,Manipur Premier League,1598,India Amateur,85193.0,25/26,,,,1139282,Social Sporting Club,458644,Angtha FC,5,1
14997745,football,finished,2025-11-03,1762159200000,24672,Indonesia Liga 4,368,Indonesia,,,,,,501021,Pesik Kuningan,501327,Al-Jabbar FC,8,0
14245541,football,finished,2025-11-03,1762159500000,22740,Liga A1,85,Malaysia,78908.0,Liga A1 25/26,,,,61990,Perak FC,3339,Kedah Darul Aman FC,5,1
14376392,football,finished,2025-11-03,1762160400000,755,"U17 European Championship, Qual.",1465,Europe,79948.0,"U17 UEFA European Championship, Qualification 2026",,,,22577,Armenia U17,22595,Cyprus U17,0,1
14376391,football,finished,2025-11-03,1762160400000,755,"U17 European Championship, Qual.",1465,Europe,79948.0,"U17 UEFA European Championship, Qualification 2026",,,,22602,Finland U17,22637,Northern Ireland U17,1,1
14991226,football,finished,2025-11-03,1762160400000,2308,Girabola,500,Angola,82114.0,Girabola 25/26,,,,195747,Desportivo da Huíla,496745,CD São Salvador,2,0
14521455,football,finished,2025-11-03,1762160400000,10535,Myanmar National League,1126,Myanmar,80438.0,National League 25/26,,,,61528,Ayeyawady United,274847,Mahar United,1,2
14933290,football,finished,2025-11-03,1762160400000,17395,A EPS Dodekanisou,1625,Greece Amateur,78354.0,A EPS Dodekanisou 25/26,Gipero Lakki,Lakki,Greece,397156,AE Lerou,397149,AS Diagoras Vatiou,1,4
14640304,football,finished,2025-11-03,1762160400000,28487,Liga 4 Alba U19,1599,Romania Amateur,82210.0,Liga 4 Alba U19 25/26,,,,1125391,ACS Sticla Arieşul Turda U19,1125392,CS Luceafărul Cluj U19,2,1
14994183,football,finished,2025-11-03,1762151400000,24672,Indonesia Liga 4,368,Indonesia,,,,,,1142321,Perkesit Cianjur,284260,Bandung United,0,1
14999853,football,finished,2025-11-03,1762160400000,24672,Indonesia Liga 4,368,Indonesia,,,,,,503349,Mitra Surabaya,1141223,Gartifa,0,5
14608615,football,finished,2025-11-03,1762160400000,24350,Sivas 1. Amatör Ligi,254,Turkey Amateur,81232.0,Sivas 1. Amatör Ligi 25/26,,,,1040698,İmranlıspor,1040695,Ahmet Turan Gazi SK,0,3
14521457,football,finished,2025-11-03,1762162200000,10535,Myanmar National League,1126,Myanmar,80438.0,National League 25/26,,,,338085,Ispe FC,274848,Rakhine United FC,4,1
14195639,football,finished,2025-11-03,1762164000000,11416,"Nesine 3. Lig, Grup 2",46,Turkey,78479.0,"3. Lig, Group 2 25/26",,,,524546,Türk Metal 1963 SK,264073,Ağrı 1970 SK,1,1
14478990,football,finished,2025-11-03,1762164000000,13959,U19 Elit A Ligi,46,Turkey,80360.0,U19 Elit A 25/26,,,,241983,Eyupspor U19,244378,Antalyaspor U19,0,3
14796266,football,canceled,2025-11-03,1762164000000,25278,Muş 1. Amatör Ligi,254,Turkey Amateur,83857.0,Muş 1. Amatör Ligi 25/26,,,,524521,Yeşil Vartospor,1131709,Muş Aile Sosyal Politikalar,0,0
14927582,football,finished,2025-11-03,1762164000000,22139,Vtoraya Liga,91,Belarus,82034.0,Vtoraya Liga 2025,,,,551515,Torpedo Zhodino 2,510488,Vitebsk 2,6,6
14775445,football,finished,2025-11-03,1762164000000,21050,İkinci Liqa,297,Azerbaijan,79799.0,25/26,,,,521874,Quba PFK,1079187,Şirvan FK,1,1
14883963,football,finished,2025-11-03,1762164000000,16601,Ethiopian Premier League,1102,Ethiopia,84674.0,Premier League 25/26,,,,338073,Hadiya Hossana,448123,Ethiopian Medhin,1,2
14775447,football,finished,2025-11-03,1762164000000,21050,İkinci Liqa,297,Azerbaijan,79799.0,25/26,,,,490289,Şəki PFK,490460,Göygöl FK,0,0
14675394,football,finished,2025-11-03,1762164000000,24451,Elazığ 1. Amatör Ligi,254,Turkey Amateur,82627.0,Elazığ 1. Amatör Ligi 25/26,,,,1043743,Harputspor,1043278,Balakgazi 1516 Spor,0,3
14853994,football,finished,2025-11-03,1762164000000,25023,Yozgat 1. Amatör Ligi,254,Turkey Amateur,84394.0,Yozgat 1. Amatör Ligi 25/26,,,,1131736,Yerköy Volkanspor,1075771,Sırçalı Belediyespor,0,3
14796528,football,finished,2025-11-03,1762164000000,26860,Trabzon 2. Amatör Ligi,254,Turkey Amateur,81925.0,Trabzon 2. Amatör Ligi 25/26,,,,937751,Özdilspor,1095724,Zafanoz Kavalaspor,6,1
14999940,football,finished,2025-11-03,1762164000000,22244,Ethiopian Higher League,1102,Ethiopia,,,,,,515167,Nekemte Ketema,515421,Bench Maji Buna FC,1,2
14999950,football,finished,2025-11-03,1762164000000,18559,Uzbekistan Pro Legue,385,Uzbekistan,73554.0,Pro Liga 2025,,,,378477,FC Olympic,467394,Pfk Aral,0,3
15000163,football,finished,2025-11-03,1762164000000,29238,Punjab Super League,1598,India Amateur,82067.0,2025,,,,393804,BSF FC,448713,International FC,0,1
14971561,football,finished,2025-11-03,1762164020000,25025,Azerbaijan Reserve League,297,Azerbaijan,79829.0,Azerbaijan Reserve League 25/26,,,,446890,Turan Tovuz II,294248,Sumqayıt FK II,1,3
14989342,football,finished,2025-11-03,1762164046000,16702,Liga e Dytë,1112,Kosovo,81220.0,Liga e Dytë 25/26,,,,1040410,TOP Football,230412,KF Vllaznia Pozheran,0,3
14993694,football,finished,2025-11-03,1762164900000,29447,Goa Pro League,1598,India Amateur,82708.0,25/26,,,,178548,Vasco SC,330956,Sesa FA,2,0
14999938,football,finished,2025-11-03,1762164900000,27365,Uzbekistan Championship U21,385,Uzbekistan,,,,,,1099588,Neftchi Fergana U21,1099587,Surkhon Termez U21,0,2
14775443,football,finished,2025-11-03,1762165800000,21050,İkinci Liqa,297,Azerbaijan,79799.0,25/26,,,,490459,Dinamo Bakı FK,488682,Araz Saatlı FK,4,1
14905011,football,finished,2025-11-03,1762165800000,29341,BDFA Super Division League,1598,India Amateur,82323.0,2025,,,,285547,Bengaluru FC II,1125610,United Stars FC,5,1
14742425,football,finished,2025-11-03,1762166700000,24502,SSA First Division,1598,India Amateur,82057.0,SSA First Division 2025,SSA Stadium,Shillong,India,499325,Pohkseh SC,498817,Mawtawar SC,1,2
14972350,football,finished,2025-11-03,1762166700000,24114,Hong Kong Premier League U22,339,Hong Kong,81968.0,25/26,,,,937581,Golik North District U22,1124293,Kowloon City U22,3,3
14410566,football,finished,2025-11-03,1762167600000,10511,Thai League 2,485,Thailand,78907.0,Thai League 2 25/26,,,,269703,Chiangmai United,255498,Nakhon Pathom United,0,1
14376396,football,finished,2025-11-03,1762167600000,755,"U17 European Championship, Qual.",1465,Europe,79948.0,"U17 UEFA European Championship, Qualification 2026",,,,22647,San Marino U17,22588,Bulgaria U17,0,5
14376395,football,finished,2025-11-03,1762167600000,755,"U17 European Championship, Qual.",1465,Europe,79948.0,"U17 UEFA European Championship, Qualification 2026",,,,22650,Slovakia U17,22480,Switzerland U17,1,1
14796322,football,finished,2025-11-03,1762167600000,25278,Muş 1. Amatör Ligi,254,Turkey Amateur,83857.0,Muş 1. Amatör Ligi 25/26,,,,924832,Öz Hasköyspor,1078480,49 Çataklıspor,3,0
14717634,football,finished,2025-11-03,1762167600000,24497,Muğla Süper Amatör Ligi,254,Turkey Amateur,83010.0,Muğla Süper Amatör Ligi 25/26,,,,1098095,Milas Dörtyolspor,928497,Marmaris Gençlikspor,3,0
14778972,football,finished,2025-11-03,1762167600000,29550,Kütahya 1. Amatör Ligi,254,Turkey Amateur,83217.0,Kütahya 1. Amatör Ligi 25/26,,,,1128889,Yaylacıkspor,1128896,Kızılçukurspor,3,0
14925426,football,finished,2025-11-03,1762167600000,204,First League,21,Russia,77980.0,1. Liga 25/26,,,,74241,FC Ufa,7639,Enisey Krasnoyarsk,2,0
14947579,football,finished,2025-11-03,1762167600000,11058,Super Cup India,352,India,84686.0,Indian Super Cup 2025,,,,174598,Kerala Blasters,331840,Sporting Delhi,3,0
14755898,football,finished,2025-11-03,1762167600000,28469,Aydın 1. Amatör Ligi,254,Turkey Amateur,82343.0,Aydın 1. Amatör Ligi 25/26,,,,1113446,İsabeylispor,1113272,Feslek Gelenbe Gençlikspor,0,3
14652867,football,finished,2025-11-03,1762167600000,29020,Balıkesir 1. Amatör Ligi,254,Turkey Amateur,82102.0,Balıkesir 1. Amatör Ligi 25/26,,,,1121219,Balıkesir Pınarspor,928387,Sındırgı Belediyespor,3,0
14778722,football,finished,2025-11-03,1762167600000,24610,Kütahya Süper Amatör Ligi,254,Turkey Amateur,82134.0,Kütahya Süper Amatör Ligi 25/26,,,,1125105,Çardaklıspor,1050639,Altıntaş Belediyespor,3,0
14689866,football,finished,2025-11-03,1762167600000,22547,Bölgesel Amatör Lig,254,Turkey Amateur,81570.0,Bölgesel Amatör Lig 25/26,,,,1078484,Bulanık Kopspor,524516,Vangölü SK,3,0
14690126,football,finished,2025-11-03,1762167600000,22547,Bölgesel Amatör Lig,254,Turkey Amateur,81570.0,Bölgesel Amatör Lig 25/26,,,,524552,Elazığ Aksaray GSK,362025,Diyarbakırspor,0,3
14690127,football,finished,2025-11-03,1762167600000,22547,Bölgesel Amatör Lig,254,Turkey Amateur,81570.0,Bölgesel Amatör Lig 25/26,,,,800184,Viranşehir Belediye Spor,264078,Adıyaman FK,3,0
14690964,football,finished,2025-11-03,1762167600000,22547,Bölgesel Amatör Lig,254,Turkey Amateur,81570.0,Bölgesel Amatör Lig 25/26,,,,1072181,Erzurum Büyükşehir Belediyesi SK,119364,Bayburt Özel İdare Spor,3,0
14805022,football,finished,2025-11-03,1762167600000,29097,Denizli 1. Amatör Ligi,254,Turkey Amateur,82410.0,Denizli 1. Amatör Ligi 25/26,,,,1122870,Acıpayam Kuyucakspor,1042116,Dodurgalarspor,3,0
14731878,football,finished,2025-11-03,1762167600000,24435,Adana Süper Amatör Ligi,254,Turkey Amateur,82270.0,Adana Süper Amatör Ligi 25/26,,,,1043733,Karataş Belediyespor,928714,Yenibeygücü,3,0
14981609,football,notstarted,2025-11-03,1762167600000,22247,UPSL Midwest East - Premier,1597,USA Amateur,83281.0,2025 Fall,,,,513287,Detroit United FC,1081571,Detroit Metro FC,0,0
14999854,football,finished,2025-11-03,1762167600000,28710,U19 League,152,Serbia,,,,,,937604,Kolubara U19,1086680,FK IMT Beograd II U19,3,5
14281083,football,finished,2025-11-03,1762167656000,19980,Druha Liga,86,Ukraine,78845.0,Druha Liga 25/26,,,,1109797,FC Chornomorets-2 Odesa,1109799,FC Penuel Kryvyi Rih,2,2
14797423,football,finished,2025-11-03,1762169400000,24657,Kırklareli Süper Amatör Ligi,254,Turkey Amateur,83610.0,Kırklareli Süper Amatör Ligi 25/26,,,,928889,Büyükkarıştıranspor,1055260,Pınarhisarspor,0,3
14276335,football,finished,2025-11-03,1762169447000,19980,Druha Liga,86,Ukraine,78845.0,Druha Liga 25/26,,,,1109802,FC Bukovyna-2 Chernivtsi,557345,SC Vilkhivtsi,1,3
14859050,football,notstarted,2025-11-03,1762170300000,27074,National Games of China U20,99,China,82474.0,2025,Shenzhen Youth Football Training Base Centre Stadium,Shenzhen,China,1126570,Guangxi U20,1126544,Liaoning U20,0,0
14859053,football,notstarted,2025-11-03,1762170300000,27074,National Games of China U20,99,China,82474.0,2025,Baoan Stadium,Shenzhen,China,1097261,Yunnan U20,1097262,Hebei U20,0,0
14859055,football,notstarted,2025-11-03,1762170300000,27074,National Games of China U20,99,China,82474.0,2025,Shenzhen Sports Center,Shenzhen,China,1097264,Fujian U20,1097259,Shanghai U20,0,0
14214764,football,finished,2025-11-03,1762171200000,1015,Indonesia Super League,368,Indonesia,78590.0,Indonesia Super League 25/26,,,,86066,Semen Padang FC,47465,Arema FC,1,2
14031146,football,finished,2025-11-03,1762171200000,753,U17 Euro Women's Qualifiers,1465,Europe,77023.0,"U17 European Championship, Women, Qualification 2026",,,,233054,Malta U17,37973,Lithuania U17,1,3
14015822,football,finished,2025-11-03,1762171200000,721,Mozzart Bet Prva Liga,152,Serbia,76912.0,Prva Liga 25/26,,,,312342,FK FAP Priboj,5159,FK Voždovac,1,2
14015819,football,finished,2025-11-03,1762171200000,721,Mozzart Bet Prva Liga,152,Serbia,76912.0,Prva Liga 25/26,,,,301263,GFK Dubočica Leskovac,5160,FK Borac 1926 Čačak,3,2
14015815,football,finished,2025-11-03,1762171200000,721,Mozzart Bet Prva Liga,152,Serbia,76912.0,Prva Liga 25/26,,,,416560,OFK Vršac,229348,FK Tekstilac Odžaci,2,0
14195638,football,finished,2025-11-03,1762171200000,11416,"Nesine 3. Lig, Grup 2",46,Turkey,78479.0,"3. Lig, Group 2 25/26",,,,485444,Erciyes 38 FSK,174114,12 Bingölspor,1,1
14137611,football,finished,2025-11-03,1762171200000,691,Persha Liha,86,Ukraine,77971.0,Persha Liga 25/26,,,,228063,Ahrobiznes Volochysk,36382,Prykarpattia Ivano-Frankivsk,3,1
14667936,football,finished,2025-11-03,1762171200000,16577,Treta Liga - SI,1590,Bulgaria Amateur,79470.0,Treta Liga - SI 25/26,,,,555839,FC Fratria II Varna,389104,FC Spartak 1918 II Varna,3,0
14846750,football,finished,2025-11-03,1762171200000,30056,Liga de Tineret Feminin,77,Romania,84352.0,25/26,,,,1134153,ACS Kids Tâmpa Brașov U19,1134156,FCU Olimpia Cluj U19,2,2
14835619,football,finished,2025-11-03,1762171200000,16672,Kategoria e Dytë,257,Albania,77539.0,Kategoria e Dytë 25/26,Andon Lapa Stadium,Saranda,Albania,53063,Butrinti Sarandë,38531,FK Tomori Berat,3,2
14835622,football,finished,2025-11-03,1762171200000,16672,Kategoria e Dytë,257,Albania,77539.0,Kategoria e Dytë 25/26,Stadiumi Demir Allamani,Këlcyrë,Albania,376153,FK Këlcyra,403090,Akademia Eagle Football,1,3
14835615,football,finished,2025-11-03,1762171200000,16672,Kategoria e Dytë,257,Albania,77539.0,Kategoria e Dytë 25/26,Orikum Stadium,Orikum,Albania,206977,KF Oriku,369591,KF Maliqi,2,0
14835614,football,finished,2025-11-03,1762171200000,16672,Kategoria e Dytë,257,Albania,77539.0,Kategoria e Dytë 25/26,Arena e Demave,Tirana,Albania,222068,Partizani Tiranë B,276699,KF Delvina,6,2
14756053,football,finished,2025-11-03,1762171200000,28469,Aydın 1. Amatör Ligi,254,Turkey Amateur,82343.0,Aydın 1. Amatör Ligi 25/26,,,,1113256,Söke Gençlerbirliği,825763,Kuşadası 1922 SK,3,0
14650570,football,finished,2025-11-03,1762171200000,25642,İstanbul 1. Amatör Ligi,254,Turkey Amateur,81127.0,İstanbul 1. Amatör Ligi 25/26,,,,1082076,Emirganspor,1082078,Beyoğlu Gelişimspor,0,3
14617090,football,finished,2025-11-03,1762171200000,23660,İzmir Süper Amatör Ligi,254,Turkey Amateur,78902.0,İzmir Süper Amatör Ligi 25/26,,,,928753,Ege Üniversitesi SK,1095054,İzmir Gençlik Merkezleri,3,0
14617358,football,finished,2025-11-03,1762171200000,23660,İzmir Süper Amatör Ligi,254,Turkey Amateur,78902.0,İzmir Süper Amatör Ligi 25/26,,,,928762,Gümüldürspor,928830,Menderes Belediyesi Özderespor,0,3
14735178,football,finished,2025-11-03,1762171200000,23988,Bursa Süper Amatör Ligi,254,Turkey Amateur,83223.0,Bursa Süper Amatör Ligi 25/26,,,,934700,Panayır SK,859914,Nilüfer Kızılcıklıspor,0,3
14731704,football,finished,2025-11-03,1762171200000,24925,Adıyaman 1. Amatör Ligi,254,Turkey Amateur,83167.0,Adıyaman 1. Amatör Ligi 25/26,,,,859368,İmamağaspor,853741,Besni 02 SK,3,0
14637766,football,finished,2025-11-03,1762171200000,24203,Mersin Süper Amatör Ligi,254,Turkey Amateur,82104.0,Mersin Süper Amatör Ligi 25/26,,,,5583,Tarsus İdman Yurdu,939438,Karacailyas Veteranlar,0,3
14692714,football,finished,2025-11-03,1762171200000,22547,Bölgesel Amatör Lig,254,Turkey Amateur,81570.0,Bölgesel Amatör Lig 25/26,,,,24752,Beylerbeyi 1911 FK,521096,Dikilitaş SK,0,3
14682121,football,finished,2025-11-03,1762171200000,24369,Kayseri Süper Amatör Ligi,254,Turkey Amateur,81996.0,Kayseri Süper Amatör Ligi 25/26,,,,1041059,Özvatan Gençlik,828328,Yahyalıspor,3,0
14576185,football,finished,2025-11-03,1762171200000,28839,Manisa 1. Amatör Ligi,254,Turkey Amateur,81625.0,Manisa 1. Amatör Ligi 25/26,,,,1119143,Manisa Başakşehirspor,1041695,Halitpaşa Belediyespor,3,0
14700440,football,finished,2025-11-03,1762171200000,24577,Çanakkale Süper Amatör Ligi,254,Turkey Amateur,81990.0,Çanakkale Süper Amatör Ligi 25/26,,,,1049165,Gelibolu Aydoğanspor,524447,Yeni Çanspor,3,0
14967350,football,finished,2025-11-03,1762171200000,16794,Kategoria e Tretë,257,Albania,77540.0,Kategoria e Tretë 25/26,Stadiumi Osumi,Ura - Vajgurore,Albania,379058,FK Osumi,37132,KF Skrapari,2,1
14967362,football,finished,2025-11-03,1762171200000,16794,Kategoria e Tretë,257,Albania,77540.0,Kategoria e Tretë 25/26,Loni Papuciu Stadium,Fier,Albania,1130338,KF Apolonia Fier B,37122,KS Gramozi Erseke,5,1
14967358,football,finished,2025-11-03,1762171200000,16794,Kategoria e Tretë,257,Albania,77540.0,Kategoria e Tretë 25/26,Stadiumi Durim Qypi,Përmet,Albania,376152,KF Përmeti,37143,KF Turbina Cërrik,0,0
14967356,football,notstarted,2025-11-03,1762171200000,16794,Kategoria e Tretë,257,Albania,77540.0,Kategoria e Tretë 25/26,Niko Dovana Stadium,Durres,Albania,1129141,KF Teuta Durrës B,376151,FK Memaliaj,0,0
14975622,football,notstarted,2025-11-03,1762171200000,18296,3. CFL,1631,Montenegro Amateur,78333.0,3. CFL 25/26,Gradski stadion Mojkovac,Mojkovac,Montenegro,55831,FK Brskovo,400105,FK Komovi Andrijevica,0,0
14975620,football,notstarted,2025-11-03,1762171200000,18296,3. CFL,1631,Montenegro Amateur,78333.0,3. CFL 25/26,Gradski stadion Gusinje,Gusinje,Montenegro,447783,OFK Gusinje,37959,FK Petnjica,0,0
14977993,football,finished,2025-11-03,1762171200000,25182,"Tercera Division, Reserves",57,Uruguay,72514.0,"Tercera Division, Reserves 2025",,,,196042,Defensor Sporting Reserve,196382,Nacional Reserve,1,2
14984131,football,finished,2025-11-03,1762171200000,16540,National Super League,805,Kenya,81408.0,25/26,,,,318563,Kisumu All Stars FC,1133094,Darajani Gogo FC,0,1
14984129,football,finished,2025-11-03,1762171200000,16540,National Super League,805,Kenya,81408.0,25/26,,,,1131065,Mofa,1136789,Soy United FC,1,1
14984126,football,finished,2025-11-03,1762171200000,16540,National Super League,805,Kenya,81408.0,25/26,,,,257402,Naivas,1131068,Kabati FC,1,1
14994150,football,finished,2025-11-03,1762171200000,22580,Ethiopian Women’s Premier League,1102,Ethiopia,81923.0,Ethiopian Women’s Premier League 25/26,,,,521520,Ethio Electric,521499,Dire Dawa,3,0
15000511,football,finished,2025-11-03,1762171200000,25360,Iraq Premier Division,1111,Iraq,84047.0,Iraq Premier Division 25/26,,,,504714,Al Bahri SC,1043061,Al Kadhimiya SC,1,1
15000509,football,finished,2025-11-03,1762171200000,25360,Iraq Premier Division,1111,Iraq,84047.0,Iraq Premier Division 25/26,,,,453142,Al Hudod SC,937056,Al Ramadi SC,2,1
15000513,football,finished,2025-11-03,1762171200000,25360,Iraq Premier Division,1111,Iraq,84047.0,Iraq Premier Division 25/26,,,,1103291,Al-Jaish SC,1040578,Masafi Al Junoob SC,0,0
15000512,football,finished,2025-11-03,1762171200000,25360,Iraq Premier Division,1111,Iraq,84047.0,Iraq Premier Division 25/26,,,,1040573,Al Masafi SC,934580,Al Etisalat SC,0,0
15000510,football,finished,2025-11-03,1762171200000,25360,Iraq Premier Division,1111,Iraq,84047.0,Iraq Premier Division 25/26,,,,214188,Naft Al Wasat SC,395741,Al Hashid Al Shaabi SC,0,3
15000514,football,finished,2025-11-03,1762171200000,25360,Iraq Premier Division,1111,Iraq,84047.0,Iraq Premier Division 25/26,,,,555331,Peshmerga Sulaymaniya SC,382056,Naft Al Basra SC,1,2
13967825,football,finished,2025-11-03,1762173000000,279,U17 World Championship,1468,World,76257.0,U17 FIFA World Cup 2025,Aspire Zone - Pitch 3,Doha,Qatar,203882,South Africa U17,48828,Bolivia U17,3,1
13967832,football,finished,2025-11-03,1762173000000,279,U17 World Championship,1468,World,76257.0,U17 FIFA World Cup 2025,Aspire Zone - Pitch 8,Doha,Qatar,22593,Costa Rica U17,22660,United Arab Emirates U17,1,1
14430369,football,finished,2025-11-03,1762173000000,2120,Saudi 1st Division,310,Saudi Arabia,80448.0,Division 1 25/26,,,,213003,Al-Jabalain,114259,Al-Orobah,1,2
14640362,football,finished,2025-11-03,1762173000000,13361,Jordan 1st Division,329,Jordan,80917.0,First Division 2025,,,,78459,Al Sareeh SC,54589,Al-Yarmouk,3,1
14640363,football,finished,2025-11-03,1762173000000,13361,Jordan 1st Division,329,Jordan,80917.0,First Division 2025,,,,490438,Doqarah,54591,Kfarsoum,3,1
14640364,football,finished,2025-11-03,1762173000000,13361,Jordan 1st Division,329,Jordan,80917.0,First Division 2025,,,,310311,Ma’an SC,278099,Dar Al Dawa,0,2
14892164,football,finished,2025-11-03,1762173000000,199,1. MFL,159,North Macedonia,79552.0,1. MFL 25/26,,,,424916,FK Arsimi 1973,5400,Bashkimi 1947,4,2
14604049,football,postponed,2025-11-03,1762173000000,1135,Vtora Liga,78,Bulgaria,76856.0,Vtora Liga 25/26,,,,200626,Ludogorets II,232494,FK Hebar Pazardzhik,0,0
14990945,football,finished,2025-11-03,1762173000000,24365,"Premier League, Women",305,Egypt,78557.0,25/26,,,,937727,Modern Sport FC Women,1040917,Pyramids FC,1,1
15000339,football,finished,2025-11-03,1762173000000,22244,Ethiopian Higher League,1102,Ethiopia,,,,,,513158,Nib FC,1142803,Harar,2,0
14972351,football,finished,2025-11-03,1762173900000,24114,Hong Kong Premier League U22,339,Hong Kong,81968.0,25/26,,,,1124292,Eastern District U22,937582,Kitchee SC U22,0,3
14640306,football,finished,2025-11-03,1762173927000,28487,Liga 4 Alba U19,1599,Romania Amateur,82210.0,Liga 4 Alba U19 25/26,,,,1113817,CS CIL Blaj U19,1113816,CS Ocna Mureș U19,7,0
14640310,football,finished,2025-11-03,1762173927000,28487,Liga 4 Alba U19,1599,Romania Amateur,82210.0,Liga 4 Alba U19 25/26,,,,1115177,CS Metalurgistul Cugir U19,1113815,CS Viitorul Sântimbru U19,10,1
14640309,football,finished,2025-11-03,1762173927000,28487,Liga 4 Alba U19,1599,Romania Amateur,82210.0,Liga 4 Alba U19 25/26,,,,1113814,CS Universitar Alba Iulia U19,1113819,LPS Sebeș U19 II,0,7
13967830,football,finished,2025-11-03,1762174800000,279,U17 World Championship,1468,World,76257.0,U17 FIFA World Cup 2025,Aspire Zone - Pitch 1,Doha,Qatar,323076,Senegal U17,22594,Croatia U17,0,0
14477190,football,finished,2025-11-03,1762174800000,28729,Omladinska liga BiH Juniori - Jug,1582,Bosnia & Herzegovina Amateur,80496.0,25/26,,,,1117644,HNK Sloga Gornji Vakuf-Uskoplje U19,1117638,NK Ljubuški U19,4,1
14371324,football,finished,2025-11-03,1762174800000,722,Kategoria e Pare,257,Albania,78744.0,Kategoria e Pare 25/26,,,,521191,Af Luftetari,5216,Besa Kavajë,1,2
14371322,football,finished,2025-11-03,1762174800000,722,Kategoria e Pare,257,Albania,78744.0,Kategoria e Pare 25/26,,,,53064,FK Kukësi,37124,KS Kastrioti,0,1
14371315,football,finished,2025-11-03,1762174800000,722,Kategoria e Pare,257,Albania,78744.0,Kategoria e Pare 25/26,,,,53062,KF Iliria Fushë-Krujë,37137,KS Burreli,2,2
14371326,football,finished,2025-11-03,1762174800000,722,Kategoria e Pare,257,Albania,78744.0,Kategoria e Pare 25/26,,,,37121,KF Laçi,5221,Lushnja,2,1
14371317,football,finished,2025-11-03,1762174800000,722,Kategoria e Pare,257,Albania,78744.0,Kategoria e Pare 25/26,,,,37141,KF Pogradeci,37120,KF Apolonia Fier,1,0
14478432,football,finished,2025-11-03,1762174800000,22890,Slovenian Junior League,24,Slovenia,78413.0,25/26,,,,203016,NK Celje U19,264100,NK Olimpija Ljubljana U19,1,1
14371243,football,finished,2025-11-03,1762174800000,720,Abissnet Superiore,257,Albania,78745.0,Kategoria Superiore 25/26,,,,5195,KF Tirana,37123,KF Bylis,0,2
14324360,football,finished,2025-11-03,1762174800000,13946,Professional Development League,252,England Amateur,79547.0,U21 Professional Development League 25/26,,,,261910,Crewe Alexandra U21,486874,Fleetwood Town U21,1,1
14478993,football,finished,2025-11-03,1762174800000,13959,U19 Elit A Ligi,46,Turkey,80360.0,U19 Elit A 25/26,,,,241830,Alanyaspor U19,241832,Gaziantep FK U19,1,1
14583987,football,postponed,2025-11-03,1762174800000,2353,Tanzanian Premier League,1151,Tanzania,81687.0,Premier League 25/26,,,,353799,Singida Black Stars SC,380759,TRA United SC,0,0
14695527,football,notstarted,2025-10-24,1761318000000,22733,Kyrgyzstan Top Liga,1113,Kyrgyzstan,72908.0,2025,,,,307837,Ilbirs FC,1078989,Asiagoal Bishkek,0,0
14883954,football,finished,2025-11-03,1762174800000,16601,Ethiopian Premier League,1102,Ethiopia,84674.0,Premier League 25/26,,,,94787,Saint George,513318,Sheger Ketema,0,1
14936403,football,finished,2025-11-03,1762174800000,16642,Moçambola,1125,Mozambique,74856.0,2025,,,,375116,Ferroviário de Lichinga,375113,GDR Textáfrica Chimoio,5,3
14925423,football,finished,2025-11-03,1762174800000,204,First League,21,Russia,77980.0,1. Liga 25/26,,,,2318,Rotor Volgograd,35301,Arsenal Tula,1,2
14902717,football,finished,2025-11-03,1762174800000,671,Armenian Premier League,296,Armenia,78576.0,Premier League 25/26,,,,36059,FC Gandzasar,67966,FC Alashkert,1,0
14883958,football,finished,2025-11-03,1762174800000,16601,Ethiopian Premier League,1102,Ethiopia,84674.0,Premier League 25/26,,,,274479,Mekelle 70  Enderta,274249,Hawassa City,1,3
14971388,football,notstarted,2025-11-03,1762174800000,30572,Tournoi de Presaison Interclub,393,International Clubs,85400.0,2025,Stade D’akoakam ,Oyem,Gabon,1126531,La Corniche AFC,1140362,Once Colinas FC,0,0
14979945,football,finished,2025-11-03,1762174800000,20348,"Paraense, Série A3",13,Brazil,83005.0,"Paraense, Série A3 2025",Centro Esportivo da Juventude,Belém,Brazil,399109,Paraense,480359,Santos Athletico CP,3,1
14979970,football,finished,2025-11-03,1762174800000,20348,"Paraense, Série A3",13,Brazil,83005.0,"Paraense, Série A3 2025",Centro Esportivo da Juventude,Belém,Brazil,475759,Tesla FC,480356,Atlético Paraense,1,5
14980900,football,finished,2025-11-03,1762174800000,28878,Liga Nacional Sub-16,379,Bolivia,81012.0,2025,Cancha Antonio López Maruzzi,La Paz,Bolivia,1119447,Academia de Balompié Boliviano U16,1119442,CD Totora Real Oruro U16,0,2
14990569,football,postponed,2025-11-03,1762174800000,16911,Illicocash Ligue 1,1101,DR Congo,83717.0,Illicocash Ligue 1 25/26,,,,1132513,CS Manika,393650,US Tshinkunku,0,0
14990619,football,finished,2025-11-03,1762174800000,16911,Illicocash Ligue 1,1101,DR Congo,83717.0,Illicocash Ligue 1 25/26,,,,191186,SM Sanga Balende,380668,Lubumbashi Sport,0,1
14993766,football,finished,2025-11-03,1762174800000,23646,Denmark Future Cup,95,Denmark Amateur,,,,,,252978,Lyngby BK Reserve,247959,Brøndby Reserve,0,2
14993770,football,finished,2025-11-03,1762174800000,22890,Slovenian Junior League,24,Slovenia,78413.0,25/26,,,,264110,NK Radomlje U19,453411,NK Brinje Grosuplje U19,3,2
14994196,football,finished,2025-11-03,1762174800000,22733,Kyrgyzstan Top Liga,1113,Kyrgyzstan,72908.0,2025,,,,515792,FC Kyrgyzaltyn,1074643,FC Özgön,0,4
14645034,football,finished,2025-11-03,1762175700000,18218,B EPS Ilias,1625,Greece Amateur,77597.0,B EPS Ilias 25/26,,,,397778,Kentavros Sostiou AC,494995,Atromitos Kavasilon,0,2
13967827,football,finished,2025-11-03,1762176600000,279,U17 World Championship,1468,World,76257.0,U17 FIFA World Cup 2025,Aspire Zone - Pitch 5,Doha,Qatar,22618,Japan U17,48862,Morocco U17,2,0
14068504,football,finished,2025-11-03,1762176600000,2292,Campionato Primavera 1,31,Italy,77407.0,Primavera 1 25/26,,,,826808,Monza U20,826812,Genoa U20,2,0
14090713,football,finished,2025-11-03,1762176600000,218,Ukrainian Premier League,86,Ukraine,77625.0,Premier League 25/26,Tsentralnyi Stadium,Cherkasy,Ukraine,284427,LNZ Cherkasy,3316,Karpaty Lviv,0,1
14606876,football,finished,2025-11-03,1762176600000,772,Uzbekistan Super League,385,Uzbekistan,72383.0,Superliga 2025,,,,34310,Pakhtakor Tashkent,23481,FC Bunyodkor,4,2
14900159,football,finished,2025-11-03,1762176600000,841,Algerian Ligue 1,304,Algeria,79568.0,Ligue 1 25/26,,,,212197,Paradou AC,238384,USM Khenchela,2,0
14644610,football,finished,2025-11-03,1762176600000,17403,A EPS Ilias,1625,Greece Amateur,77596.0,A EPS Ilias 25/26,,,,401993,Apollon Neas Figalias AC,397200,Pelopas Pyrgou AGPC,1,0
14950714,football,finished,2025-11-03,1762176600000,10633,Tunisian Ligue Professionnelle 2,378,Tunisia,81971.0,Ligue 2 25/26,,,,148862,Sfax Railways,306895,El Makarem de Mahdia,3,4
15002056,football,finished,2025-11-03,1762176600000,27792,Segunda de Ascenso Beni,379,Bolivia,77811.0,2025,,,,1105391,Atlético Casarabe,1105386,Atlético Nacional Marino,9,0
14469239,football,finished,2025-11-03,1762177500000,463,AFC Champions League Elite,1467,Asia,77010.0,AFC Champions League Elite 25/26,Markaziy Stadium Qarshi,Qarshi,Uzbekistan,34017,Nasaf Qarshi,264115,Al-Wahda FC,1,2
14138413,football,finished,2025-11-03,1762178400000,98,Trendyol 1.Lig,46,Turkey,77977.0,1. Lig 25/26,Igdir Kisla Semt Sahasi,Igdir,Türkiye,388264,Iğdır FK,44320,Bandırmaspor,1,1
13429520,football,finished,2025-11-03,1762178400000,726,Erovnuli Liga 2,270,Georgia,71113.0,Erovnuli Liga 2 2025,,,,5170,FC Locomotive Tbilisi,36866,FC Samtredia,1,0
14031140,football,finished,2025-11-03,1762178400000,753,U17 Euro Women's Qualifiers,1465,Europe,77023.0,"U17 European Championship, Women, Qualification 2026",,,,411453,Luxembourg U17,38019,Türkiye U17,1,3
14660819,football,finished,2025-11-03,1762178400000,28320,1. ŽFL,386,Montenegro,82464.0,1. ŽFL 2025,,,,939467,ŽFK Gorica,349232,ŽFK Budućnost Podgorica,0,11
14929284,football,finished,2025-11-03,1762178400000,16911,Illicocash Ligue 1,1101,DR Congo,83717.0,Illicocash Ligue 1 25/26,,,,1094524,FC Mk de Kinshasa,555247,AF Anges Verts,2,0
14929283,football,postponed,2025-11-03,1762178400000,16911,Illicocash Ligue 1,1101,DR Congo,83717.0,Illicocash Ligue 1 25/26,,,,1132439,Martin Pêcheur,305261,Daring Club Motema Pembe,0,0
14598622,football,finished,2025-11-03,1762178400000,247,Parva Liga,78,Bulgaria,76882.0,Parva Liga 25/26,Beroe Stadium,Stara Zagora,Bulgaria,3281,Beroe Stara Zagora,3277,Lokomotiv Sofia,1,3
14925420,football,finished,2025-11-03,1762178400000,204,First League,21,Russia,77980.0,1. Liga 25/26,,,,245709,Chayka Peschanokopskoye,7518,KAMAZ Naberezhnye Chelny,0,2
14947580,football,finished,2025-11-03,1762178400000,11058,Super Cup India,352,India,84686.0,Indian Super Cup 2025,,,,387698,Rajasthan United FC,174600,Mumbai City FC,1,0
14969300,football,finished,2025-11-03,1762178400000,30392,Ligue Régionale Rabat Salé Kénitra,1641,Morocco Amateur,85086.0,25/26,,,,1138643,KAC Sebou,1138650,Kawkab Mehdia,0,2
14983699,football,finished,2025-11-03,1762178400000,26682,Primera A Cochabamba,379,Bolivia,75633.0,2025,Cancha Villa Satélite,Tiquipaya,Bolivia,468576,Israel University,1084580,CD Mi Llajta FC,3,1
14994186,football,finished,2025-11-03,1762178400000,19315,Liga 6 Timiș,1599,Romania Amateur,80312.0,Liga 6 Timiș 25/26,,,,488654,CS Gloria Moșnița Nouă II,450464,ACS Atletico Timișoara,0,1
14478429,football,finished,2025-11-03,1762179300000,22890,Slovenian Junior League,24,Slovenia,78413.0,25/26,,,,264848,NK Maribor U19,264105,FC Koper U19,5,1
14990810,football,finished,2025-11-03,1762179600000,14586,Israeli Women's Football League,66,Israel,80916.0,"Liga Al, Women 25/26",,,,212464,WFC Ramat Hasharon,270454,Hapoel Raanana,2,2
14990815,football,finished,2025-11-03,1762180200000,14586,Israeli Women's Football League,66,Israel,80916.0,"Liga Al, Women 25/26",,,,36707,Maccabi Holon FC,214195,Maccabi Hadera,3,0
14644981,football,finished,2025-11-03,1762180224000,20044,Zain First Division,331,Kuwait,75693.0,Zain First Division 25/26,Khaitan Stadium,Kuwait City,Kuwait,192706,Burgan SC,1093203,Sporty FC,2,1
14644979,football,finished,2025-11-03,1762180224000,20044,Zain First Division,331,Kuwait,75693.0,Zain First Division 25/26,Mishref Stadium,Kuwait City,Kuwait,55157,Khaitan SC,1084291,Al-Shamiya FC,3,1
14968521,football,finished,2025-11-03,1762180252000,22106,Première Division de N’Djaména,1096,Chad,85297.0,Première Division de N’Djaména 25/26,,,,514714,Galactik FC,134280,Foullah Edifice,0,2
14990824,football,finished,2025-11-03,1762180500000,14586,Israeli Women's Football League,66,Israel,80916.0,"Liga Al, Women 25/26",,,,445283,Hapoel Katamon Jerusalem,212497,MS Kiryat Gat,2,3
14526618,football,finished,2025-11-03,1762180500000,28936,U21 Elite League,310,Saudi Arabia,81201.0,U21 Elite League 25/26,,,,270340,Al-Khaleej U21,1120292,Al-Najmah U21,1,1
14999855,football,finished,2025-11-03,1762180500000,14586,Israeli Women's Football League,66,Israel,80916.0,"Liga Al, Women 25/26",,,,372920,Hapoel Jerusalem,212497,MS Kiryat Gat,2,3
14526620,football,finished,2025-11-03,1762180800000,28936,U21 Elite League,310,Saudi Arabia,81201.0,U21 Elite League 25/26,,,,1120306,Al-Adalah U21,1120294,Al-Kholood U21,4,0
14526619,football,finished,2025-11-03,1762180800000,28936,U21 Elite League,310,Saudi Arabia,81201.0,U21 Elite League 25/26,,,,268756,Al-Fateh U21,1120307,Neom U21,4,0
13967834,football,finished,2025-11-03,1762181100000,279,U17 World Championship,1468,World,76257.0,U17 FIFA World Cup 2025,Aspire Zone - Pitch 2,Doha,Qatar,22576,Argentina U17,22583,Belgium U17,3,2
14649970,football,finished,2025-11-03,1762181100000,23424,Liga veterana Istarske županije - Sjever,1578,Croatia Amateur,82389.0,Liga veterana Istarske županije - Sjever 25/26,,,,831527,VNK Karojba - Veterani,831526,NK Vižinada - Veterani,5,1
14649961,football,finished,2025-11-03,1762181100000,23424,Liga veterana Istarske županije - Sjever,1578,Croatia Amateur,82389.0,Liga veterana Istarske županije - Sjever 25/26,,,,1126106,VNK Pazin - Veterani,1126107,Žminj - Veterani,1,4
14430370,football,finished,2025-11-03,1762181400000,2120,Saudi 1st Division,310,Saudi Arabia,80448.0,Division 1 25/26,,,,853566,Al-Anwar FC,168090,Abha,0,2
14526621,football,finished,2025-11-03,1762181400000,28936,U21 Elite League,310,Saudi Arabia,81201.0,U21 Elite League 25/26,,,,1120299,Al-Shabab U21,1120302,Damac U21,0,1
14152005,football,finished,2025-11-03,1762182000000,185,Stoiximan Super League,67,Greece,78175.0,Super League 25/26,Theodoros Kolokotronis Stadium,Tripoli,Greece,6342,Asteras Aktor,3241,OFI Crete,3,0
13554161,football,finished,2025-11-03,1762182000000,704,Erovnuli Liga,270,Georgia,71031.0,Erovnuli Liga 2025,,,,33819,FC Dila Gori,5419,FC Torpedo Kutaisi,1,0
14376394,football,finished,2025-11-03,1762182000000,755,"U17 European Championship, Qual.",1465,Europe,79948.0,"U17 UEFA European Championship, Qualification 2026",,,,22477,Scotland U17,22625,Lithuania U17,4,1
14376393,football,finished,2025-11-03,1762182000000,755,"U17 European Championship, Qual.",1465,Europe,79948.0,"U17 UEFA European Championship, Qualification 2026",,,,22654,Sweden U17,22599,England U17,5,3
14526623,football,finished,2025-11-03,1762182000000,28936,U21 Elite League,310,Saudi Arabia,81201.0,U21 Elite League 25/26,,,,1120293,Al-Raed U21,272043,Al-Hilal U21,2,4
14015818,football,finished,2025-11-03,1762182000000,721,Mozzart Bet Prva Liga,152,Serbia,76912.0,Prva Liga 25/26,,,,228024,FK Trayal Kruševac,284570,FK Jedinstvo Ub,1,3
14896104,football,finished,2025-11-03,1762182000000,19752,Ghana Division One,542,Ghana,83030.0,Ghana Division One 25/26,Accra Sports Stadium,Accra,Ghana,396191,Accra Lions FC,221713,Okwawu United,1,0
14896108,football,notstarted,2025-11-03,1762182000000,19752,Ghana Division One,542,Ghana,83030.0,Ghana Division One 25/26,,,,458764,Na God FC,934809,Great Ambition FC,0,0
14626773,football,finished,2025-11-03,1762182000000,28907,U23 Olympic League,353,Qatar,81111.0,U23 Olympic League 25/26,,,,1120010,Al-Wakrah U23,305816,Qatar SC U23,1,2
14626774,football,finished,2025-11-03,1762182000000,28907,U23 Olympic League,353,Qatar,81111.0,U23 Olympic League 25/26,,,,1120016,Umm Salal U23,1120011,Al Shamal SC U23,4,3
14902705,football,finished,2025-11-03,1762182000000,671,Armenian Premier League,296,Armenia,78576.0,Premier League 25/26,,,,5377,FC Ararat,5225,Urartu,0,1
14604050,football,finished,2025-11-03,1762182000000,1135,Vtora Liga,78,Bulgaria,76856.0,Vtora Liga 25/26,,,,282589,FK Yantra Gabrovo,424112,PFC CSKA II Sofia,0,3
14941426,football,finished,2025-11-03,1762182000000,2285,Liga Alef,66,Israel,81022.0,Liga Alef 25/26,,,,238194,Sport Club Dimona,372934,FC Jerusalem,1,1
14965994,football,finished,2025-11-03,1762182000000,10534,Campionato Primavera 2,31,Italy,80553.0,Primavera 2 25/26,,,,79063,Pescara U19,167854,Perugia U19,3,0
14991604,football,notstarted,2025-11-03,1762182000000,19752,Ghana Division One,542,Ghana,83030.0,Ghana Division One 25/26,,,,484997,Techiman Liberty Youth FC,802629,Dormaa Unity Sporting Club,0,0
15002047,football,finished,2025-11-03,1762182000000,27792,Segunda de Ascenso Beni,379,Bolivia,77811.0,2025,,,,1107462,Cedro El Carmen,1105389,Paitití FC,1,2
14971406,football,notstarted,2025-11-03,1762182002000,30572,Tournoi de Presaison Interclub,393,International Clubs,85400.0,2025,Stade D’akoakam ,Oyem,Gabon,445553,ASO Stade Mandji,1101944,Oyem Athletic Club,0,0
13967828,football,finished,2025-11-03,1762182900000,279,U17 World Championship,1468,World,76257.0,U17 FIFA World Cup 2025,Aspire Zone - Pitch 4,Doha,Qatar,265146,New Caledonia U17,22643,Portugal U17,1,6
14430371,football,finished,2025-11-03,1762182900000,2120,Saudi 1st Division,310,Saudi Arabia,80448.0,Division 1 25/26,,,,853576,Al-Ula FC,56035,Al-Faisaly,2,2
14937730,football,finished,2025-11-03,1762183208000,29245,Alh Kanka Football Competition,1132,Nigeria,82091.0,2025,,,,1124939,Irewole FC,1124937,Shinning Stars FC,2,4
14527051,football,finished,2025-11-03,1762183800000,709,Misli Premier League,297,Azerbaijan,78700.0,Premier League 25/26,,,,267828,Sabah FK,36952,Qəbələ FK,1,0
14068507,football,finished,2025-11-03,1762183800000,2292,Campionato Primavera 1,31,Italy,77407.0,Primavera 1 25/26,,,,826816,Torino U20,826806,Hellas Verona U20,0,1
14054785,football,finished,2025-11-03,1762183800000,152,Romanian Super Liga,77,Romania,77312.0,Superliga 25/26,Stadionul Central-Academia Gheorghe Hagi,Ovidiu,Romania,3294,FC Farul Constanța,283972,FK Csíkszereda Miercurea Ciuc,3,0
14925425,football,finished,2025-11-03,1762183800000,204,First League,21,Russia,77980.0,1. Liga 25/26,,,,2317,Fakel Voronezh,2319,Torpedo Moscow,2,0
14925424,football,finished,2025-11-03,1762183800000,204,First League,21,Russia,77980.0,1. Liga 25/26,,,,73172,Neftekhimik Nizhnekamsk,2340,SKA-Khabarovsk,1,1
14969912,football,finished,2025-11-03,1762183800000,1211,Ivory Coast Ligue 1,390,Côte d'Ivoire,80359.0,Ligue 1 25/26,,,,1116942,ES Agboville,852866,FC Olympique Sport D'Abobo,0,0
13967836,football,finished,2025-11-03,1762184700000,279,U17 World Championship,1468,World,76257.0,U17 FIFA World Cup 2025,Aspire Zone - Pitch 9,Doha,Qatar,22657,Tunisia U17,1096685,Fiji U17,6,0
13967826,football,finished,2025-11-03,1762184700000,279,U17 World Championship,1468,World,76257.0,U17 FIFA World Cup 2025,Aspire Zone - Pitch 7,Doha,Qatar,468401,Qatar U17,22616,Italy U17,0,1
14015506,football,finished,2025-11-03,1762185600000,210,Mozzart Bet Superliga,152,Serbia,76909.0,Superliga 25/26,,,,5153,OFK Beograd,25737,FK Radnički Niš,0,1
14469240,football,finished,2025-11-03,1762185600000,463,AFC Champions League Elite,1467,Asia,77010.0,AFC Champions League Elite 25/26,Abdullah bin Khalifa Stadium,Doha,Qatar,44441,Al Duhail,264111,Shabab Al-Ahli Dubai,4,1
14469241,football,finished,2025-11-03,1762185600000,463,AFC Champions League Elite,1467,Asia,77010.0,AFC Champions League Elite 25/26,Sahand Arena,Tabriz,Iran,53715,Tractor FC,61532,Al-Shorta,1,0
14090719,football,finished,2025-11-03,1762185600000,218,Ukrainian Premier League,86,Ukraine,77625.0,Premier League 25/26,Tsentralnyi Stadion,Zhytomyr,Ukraine,258536,Polissya Zhytomyr,266889,Metalist 1925,0,0
14371319,football,finished,2025-11-03,1762185600000,722,Kategoria e Pare,257,Albania,78744.0,Kategoria e Pare 25/26,,,,5224,KF Skënderbeu,204152,Korabi Peshkopi,3,2
14478431,football,finished,2025-11-03,1762185600000,22890,Slovenian Junior League,24,Slovenia,78413.0,25/26,,,,264099,NK Aluminij U19,295655,Ilirija 1911 U19,4,2
14371236,football,finished,2025-11-03,1762185600000,720,Abissnet Superiore,257,Albania,78745.0,Kategoria Superiore 25/26,,,,5217,Dinamo City,5417,KF Teuta Durrës,0,0
14371241,football,finished,2025-11-03,1762185600000,720,Abissnet Superiore,257,Albania,78745.0,Kategoria Superiore 25/26,,,,36387,Flamurtari FC,403091,AF Elbasani,0,1
14545037,football,finished,2025-11-03,1762185600000,10619,Bahraini 2nd Division,351,Bahrain,80655.0,2nd Division 25/26,,,,448069,Etehad al Reef,448067,Um Alhassam,0,1
14545034,football,finished,2025-11-03,1762185600000,10619,Bahraini 2nd Division,351,Bahrain,80655.0,2nd Division 25/26,,,,45478,Manama Club,213603,Al Ittifaq,0,2
14545033,football,finished,2025-11-03,1762185600000,10619,Bahraini 2nd Division,351,Bahrain,80655.0,2nd Division 25/26,,,,213255,Qalali,189486,Al-Tadhmon,0,4
14600202,football,finished,2025-11-03,1762185600000,41,Veikkausliiga,19,Finland,70853.0,Veikkausliiga 2025,Tammela Stadium,Tampere,Finland,22386,Ilves,22395,SJK,3,3
14640365,football,postponed,2025-11-03,1762185600000,13361,Jordan 1st Division,329,Jordan,80917.0,First Division 2025,,,,251875,Al Aqaba,54581,Al Arabi Jordan,0,0
14952396,football,finished,2025-11-03,1762185600000,28091,Super Ligue,1131,Niger,84860.0,25/26,,,,503196,AS Renaissance de Boukoki,404618,Urana FC,0,2
14972512,football,finished,2025-11-03,1762185600000,22722,Kings League Italy,1600,Italy Amateur,84728.0,Kings Cup 25/26,,,,940319,Boomers,940322,FC Zeta,4,3
14983862,football,finished,2025-11-03,1762185600000,18944,"NCAA Regular Season, Women",26,USA,79467.0,"NCAA Regular Season, Women 2025",,,,422289,Charlotte 49ers,422287,South Florida Bulls,0,3
15001893,football,finished,2025-11-03,1762185600000,27398,Primera B Beni,379,Bolivia,78568.0,Primera B Beni 2025,,,,1099232,FC Maranata,1100200,CD Villa Vecinal,6,6
14598630,football,finished,2025-11-03,1762186500000,247,Parva Liga,78,Bulgaria,76882.0,Parva Liga 25/26,Hristo Botev Stadium,Vratsa,Bulgaria,36938,Botev Vratsa,252080,FC CSKA 1948 Sofia,0,0
14960706,football,finished,2025-11-03,1762186500000,23703,Super D1,1123,Mauritania,83326.0,25/26,,,,457858,Chemal FC,134304,FC Nouadhibou,0,3
14074282,football,finished,2025-11-03,1762187400000,212,PrvaLiga,24,Slovenia,77283.0,PrvaLiga 25/26,Sportni Park Domžale,Domžale,Slovenia,2418,NK Domžale,213357,NŠ Mura,3,3
14649972,football,postponed,2025-11-03,1762187400000,23424,Liga veterana Istarske županije - Sjever,1578,Croatia Amateur,82389.0,Liga veterana Istarske županije - Sjever 25/26,,,,831515,NK VIšnjan 1957 - Veterani,831508,VNK Brtonigla 1925 - Veterani,0,0
15002048,football,finished,2025-11-03,1762187400000,27792,Segunda de Ascenso Beni,379,Bolivia,77811.0,2025,,,,1105387,FC Gran Moxos B,1105388,Universitario del Beni B,0,3
14956327,football,finished,2025-11-03,1762187700000,23365,Winline Media Football League Cup,1615,Russia Amateur,78787.0,2025,Krasnodar Academy Stadium,Krasnodar,Russia,449204,FC 10,1084382,SindEkat,3,1
14900157,football,finished,2025-11-03,1762188300000,841,Algerian Ligue 1,304,Algeria,79568.0,Ligue 1 25/26,,,,42202,JS Kabylie,133466,MC El Bayadh,4,1
14644983,football,finished,2025-11-03,1762188307000,20044,Zain First Division,331,Kuwait,75693.0,Zain First Division 25/26,Al-Ahmadi Stadium,Al Ahmadi,Kuwait,55165,Al Sulaibikhat FC,1077021,Al Jazeera FC Kuwait,0,2
14644982,football,finished,2025-11-03,1762188307000,20044,Zain First Division,331,Kuwait,75693.0,Zain First Division 25/26,Abu Halifa City Stadium,Kuwait City,Kuwait,55163,Yarmouk SC,55167,Al Sahel SC,1,2
13981862,football,finished,2025-11-03,1762189200000,202,Ekstraklasa,47,Poland,76477.0,Ekstraklasa 25/26,Polsat Plus Arena Gdańsk,Gdansk,Poland,7913,KS Lechia Gdańsk,7295,Radomiak Radom,1,2
13981861,football,finished,2025-11-03,1762189200000,202,Ekstraklasa,47,Poland,76477.0,Ekstraklasa 25/26,Stadion im. Kazimierza Gorskiego,Plock,Poland,3122,Wisła Płock,3117,Pogoń Szczecin,2,0
14023595,football,finished,2025-11-03,1762189200000,170,HNL,14,Croatia,76980.0,HNL 25/26,Gradski stadion Velika Gorica,Velika Gorica,Croatia,43917,HNK Gorica,36246,NK Lokomotiva Zagreb,4,1
14109697,football,finished,2025-11-03,1762189200000,52,Trendyol Süper Lig,46,Turkey,77805.0,Super Lig 25/26,Bahcesehir Okullari Stadium,Alanya,Türkiye,6362,Alanyaspor,5138,Gaziantep FK,0,0
14109694,football,finished,2025-11-03,1762189200000,52,Trendyol Süper Lig,46,Turkey,77805.0,Super Lig 25/26,Eyüp Stadium,Istanbul,Türkiye,7040,Eyüpspor,3056,Antalyaspor,0,1
14109701,football,finished,2025-11-03,1762189200000,52,Trendyol Süper Lig,46,Turkey,77805.0,Super Lig 25/26,Caykur Didi Stadium,Rize,Türkiye,3064,Çaykur Rizespor,4954,Fatih Karagümrük,1,0
14138406,football,finished,2025-11-03,1762189200000,98,Trendyol 1.Lig,46,Turkey,77977.0,1. Lig 25/26,Esenler Stadium,Istanbul,Türkiye,262480,Esenler Erokspor,77629,Çorum FK,3,1
14092007,football,finished,2025-11-03,1762189200000,727,Israel National League,66,Israel,77636.0,National League 25/26,,,,39525,Hapoel Hadera,7478,Maccabi Herzliya,2,2
14092004,football,finished,2025-11-03,1762189200000,727,Israel National League,66,Israel,77636.0,National League 25/26,,,,5200,Hapoel Kfar Saba,269818,Ironi Modiin,2,0
14092011,football,finished,2025-11-03,1762189200000,727,Israel National League,66,Israel,77636.0,National League 25/26,,,,5333,Maccabi Petach Tikva,5398,Hapoel Raanana,1,0
14074421,football,finished,2025-11-03,1762189200000,205,FNL,18,Czech Republic,77015.0,FNL 25/26,,,,36741,MFK Chrudim,2221,SK Dynamo České Budějovice,0,4
14420198,football,finished,2025-11-03,1762189200000,232,Frauen-Bundesliga,30,Germany,78297.0,Women Bundesliga 25/26,,,,5550,SC Freiburg,322623,RB Leipzig,2,4
14376874,football,finished,2025-11-03,1762189200000,19051,3. NL - Sjever,14,Croatia,79673.0,3. NL - Sjever 25/26,,,,44981,NK Koprivnica,2038,NK Međimurje Čakovec,2,0
14484291,football,finished,2025-11-03,1762189200000,21235,Liga Veterana Vukovarsko - Srijemske Županije,1578,Croatia Amateur,80883.0,Liga Veterana Vukovarsko - Srijemske Županije 25/26,Stadion Ivan Barun ,Bogdanovci,Croatia,493834,NK Croatia Bogdanovci - Veterani,493833,NK Hašk Sokol Stari Jankovci - Veterani,1,7
14484290,football,finished,2025-11-03,1762189200000,21235,Liga Veterana Vukovarsko - Srijemske Županije,1578,Croatia Amateur,80883.0,Liga Veterana Vukovarsko - Srijemske Županije 25/26,Stadion Ljese,Gradište,Croatia,493843,NK Slavonac Gradište - Veterani,493838,NK Nosteria Nuštar - Veterani,0,7
14484308,football,finished,2025-11-03,1762189200000,21235,Liga Veterana Vukovarsko - Srijemske Županije,1578,Croatia Amateur,80883.0,Liga Veterana Vukovarsko - Srijemske Županije 25/26,Stadion Franjo Mišković Cego,Babina Greda,Croatia,493840,NK Šokadija Babina Greda - Veterani,493839,NK Frankopan Rokovci-Andrijaševci - Veterani,4,4
14484299,football,finished,2025-11-03,1762189200000,21235,Liga Veterana Vukovarsko - Srijemske Županije,1578,Croatia Amateur,80883.0,Liga Veterana Vukovarsko - Srijemske Županije 25/26,,,,493835,Vukovarski - Veterani,493837,NK Dilj Vinkovci - Veterani,0,3
13475697,football,finished,2025-11-03,1762189200000,678,Esiliiga,92,Estonia,72078.0,Esiliiga 2025,,,,44314,Tartu JK Tammeka U21,42740,Tartu JK Welco,2,2
14069337,football,finished,2025-11-03,1762189200000,16785,II Lyga,160,Lithuania,73358.0,II Lyga 2025,,,,350906,FK Suduva Marijampole B,223355,Sveikata,1,3
14724894,football,finished,2025-11-03,1762189200000,28299,Yalova 1. Amatör Ligi,254,Turkey Amateur,82637.0,Yalova 1. Amatör Ligi 25/26,,,,1111973,Yalova Üniversitesi,1111979,Yalova Anadoluspor,3,1
14651597,football,finished,2025-11-03,1762189200000,23424,Liga veterana Istarske županije - Sjever,1578,Croatia Amateur,82389.0,Liga veterana Istarske županije - Sjever 25/26,,,,831530,NK Umag - CC Umago - Veterani,831520,VNK Buzet - Veterani,1,0
14924449,football,finished,2025-11-03,1762189200000,678,Esiliiga,92,Estonia,72078.0,Esiliiga 2025,,,,36075,FCI Levadia Tallinn U21,37572,FC Nõmme United,3,2
14600160,football,finished,2025-11-03,1762189200000,41,Veikkausliiga,19,Finland,70853.0,Veikkausliiga 2025,Mustapekka Areena,Helsinki,Finland,2271,IF Gnistan,2242,HJK,2,2
14948278,football,finished,2025-11-03,1762189200000,27421,Juniores Eccellenza U19 - Girone L,1600,Italy Amateur,80320.0,Juniores Eccellenza U19 - Girone L 25/26,,,,1116769,Vibonese U19,1116771,Nardò U19,2,2
14956876,football,notstarted,2025-11-03,1762189200000,24324,U17 Paulista Cup,1694,Brazil Amateur,82732.0,U17 Paulista Cup 2025,,,,524351,Colorado Caieiras U17,936183,Assisense U17,0,0
14956919,football,notstarted,2025-11-03,1762189200000,24324,U17 Paulista Cup,1694,Brazil Amateur,82732.0,U17 Paulista Cup 2025,,,,934981,Barcelona Capela U17,524365,Grêmio Osasco U17,0,0
14956917,football,notstarted,2025-11-03,1762189200000,24324,U17 Paulista Cup,1694,Brazil Amateur,82732.0,U17 Paulista Cup 2025,,,,934981,Barcelona Capela U17,524363,Audax-SP U17,0,0
14957337,football,finished,2025-11-03,1762189200000,23800,KTFF Süper Lig,1747,Europe Amateur,80766.0,KTFF Süper Lig 25/26,Girne 20 Temmuz Mete Adanır Stadı,Kyrenia,Cyprus,930680,Doğan Türk Birliği SK,930681,Dumlupınar TSK,0,0
14962267,football,finished,2025-11-03,1762189200000,629,YoHealth Malta Premier,134,Malta,78001.0,Premier League 25/26,,,,58327,Gżira United FC,53755,Naxxar Lions FC,2,1
14972519,football,finished,2025-11-03,1762189200000,22722,Kings League Italy,1600,Italy Amateur,84728.0,Kings Cup 25/26,,,,940317,Alpak FC,940321,Circus FC,9,8
14975925,football,finished,2025-11-03,1762189200000,18944,"NCAA Regular Season, Women",26,USA,79467.0,"NCAA Regular Season, Women 2025",,,,422537,Louisiana Monroe Warhawks,422284,Marshall Thundering Herd,1,0
14982583,football,notstarted,2025-11-03,1762189200000,18469,A EPS Achaias,1625,Greece Amateur,83003.0,A EPS Achaias 25/26,,,,308675,AO Pigasos Begoulakiou,305229,APS Atromitos Patron,0,0
14988705,football,finished,2025-11-03,1762189200000,18489,B EPS Chanion,1625,Greece Amateur,84115.0,B EPS Chanion 25/26,,,,300575,Ikaros Mournion,405959,Aspida Naustahmou,2,0
14988703,football,finished,2025-11-03,1762189200000,18489,B EPS Chanion,1625,Greece Amateur,84115.0,B EPS Chanion 25/26,,,,448240,Neoi Minotaurou,458979,Talos Lentarianon,2,3
14992139,football,finished,2025-11-03,1762189200000,21235,Liga Veterana Vukovarsko - Srijemske Županije,1578,Croatia Amateur,80883.0,Liga Veterana Vukovarsko - Srijemske Županije 25/26,Stadion Tomislav Bošnjak ,Ilok,Croatia,493832,HNK Fruškogorac Ilok - Veterani,493842,NK Hrvatski Sokol Mirkovci - Veterani,3,2
14526622,football,finished,2025-11-03,1762190100000,28936,U21 Elite League,310,Saudi Arabia,81201.0,U21 Elite League 25/26,,,,250771,Al Wehda U21,271824,Al-Ittihad U21,1,2
13981524,football,finished,2025-11-03,1762191000000,23,Serie A,31,Italy,76457.0,Serie A 25/26,Mapei Stadium,Reggio Emilia,Italy,2793,Sassuolo,2713,Genoa,1,2
14972329,football,finished,2025-11-03,1762191000000,25492,Baller League UK,1,England,84656.0,Season 2,,,,1080582,MVPs United,1080577,M7 Football Club,4,4
15001914,football,finished,2025-11-03,1762191000000,18944,"NCAA Regular Season, Women",26,USA,79467.0,"NCAA Regular Season, Women 2025",,,,422427,Texas Tech Red Raiders,296282,Baylor Bears,6,7
14039309,football,finished,2025-11-03,1762191900000,229,Betclic 1. Liga,47,Poland,77153.0,I Liga 25/26,,,,202427,Pogoń Grodzisk Mazowiecki,7916,OKS Odra Opole,2,1
14039310,football,postponed,2025-11-03,1762191900000,229,Betclic 1. Liga,47,Poland,77153.0,I Liga 25/26,,,,38729,Puszcza Niepołomice,38732,Stal Mielec,0,0
14039317,football,finished,2025-11-03,1762191900000,229,Betclic 1. Liga,47,Poland,77153.0,I Liga 25/26,,,,3123,ŁKS Łódź,3108,Śląsk Wrocław,2,1
14778823,football,finished,2025-11-03,1762192200000,25864,Pozitif Lig,254,Turkey Amateur,82391.0,2025 II,,,,1086265,Albayrak FC,1086180,Espora FC,1,9
14015511,football,canceled,2025-11-03,1762192800000,210,Mozzart Bet Superliga,152,Serbia,76909.0,Superliga 25/26,,,,7771,FK Mladost Lučani,43981,FK Radnički 1923,0,2
13241326,football,finished,2025-11-03,1762192800000,40,Allsvenskan,9,Sweden,69956.0,Allsvenskan 2025,Stora Valla,Degerfors,Sweden,1807,Degerfors IF,1758,Hammarby IF,1,1
13241324,football,finished,2025-11-03,1762192800000,40,Allsvenskan,9,Sweden,69956.0,Allsvenskan 2025,Finnvedsvallen,Varnamo,Sweden,1842,IFK Värnamo,1783,Mjällby AIF,0,5
13265697,football,finished,2025-11-03,1762192800000,46,Superettan,9,Sweden,70171.0,Superettan 2025,Landskrona IP,Landskrona,Sweden,1772,Landskrona BoIS,1860,IK Oddevold,2,2
13548903,football,finished,2025-11-03,1762192800000,67,"Ettan, Norra",9,Sweden,70666.0,"Ettan, Norra 2025",,,,379203,Hammarby Talang FF,262760,IFK Stocksund,4,1
14132159,football,finished,2025-11-03,1762192800000,239,Liga Portugal 2,44,Portugal,77801.0,Liga Portugal 2 25/26,Estádio Capital do Móvel,Pacos de Ferreira,Portugal,3003,Paços de Ferreira,3018,Leixões SC,3,1
14132160,football,finished,2025-11-03,1762192800000,239,Liga Portugal 2,44,Portugal,77801.0,Liga Portugal 2 25/26,Estádio Carlos Osório,Oliveira de Azemeis,Portugal,21831,UD Oliveirense,3007,Marítimo,0,2
13984636,football,finished,2025-11-03,1762192800000,39,Danish Superliga,8,Denmark,76491.0,Superliga 25/26,MCH Arena,Herning,Denmark,1289,FC Midtjylland,1291,AGF,1,1
14539720,football,finished,2025-11-03,1762192800000,28541,NCAA II Men,26,USA,79952.0,"NCAA II, Regular Season 2025",,,,1115447,Point Park Pioneers,1115418,Charleston Golden Eagles,0,7
14596156,football,finished,2025-11-03,1762192800000,10527,Campeonato Nacional Feminino,44,Portugal,81657.0,"Campeonato Nacional, Women 25/26",,,,402764,Rio Ave FC,265503,SC Braga,0,2
14649964,football,finished,2025-11-03,1762192800000,23424,Liga veterana Istarske županije - Sjever,1578,Croatia Amateur,82389.0,Liga veterana Istarske županije - Sjever 25/26,,,,831529,NK Novigrad 1947 - Veterani,1126108,Funtana - Veterani,2,1
14944064,football,finished,2025-11-03,1762192800000,27221,Pozitiflig Güney,254,Turkey Amateur,84791.0,25/26,,,,1137562,Börü Futbol Kulübü İstanbul,1105689,Akşemsettin FC,2,1
14972523,football,finished,2025-11-03,1762192800000,22722,Kings League Italy,1600,Italy Amateur,84728.0,Kings Cup 25/26,,,,940320,FC Caesar,940323,Gear7 FC,6,5
14994149,football,finished,2025-11-03,1762192800000,23502,"U20 Carioca, Série A2",13,Brazil,70129.0,"U20 Carioca, Série A2 2025",,,,266674,America-RJ U20,290944,Pérolas Negras U20,0,1
15001894,football,finished,2025-11-03,1762192800000,27398,Primera B Beni,379,Bolivia,78568.0,Primera B Beni 2025,,,,1100204,Atlético Trinidad,1100201,FC El Salvador,4,0
15001947,football,finished,2025-11-03,1762192800000,19103,Klasa Okręgowa - Kraków,1621,Poland Amateur,78648.0,Klasa Okręgowa - Kraków 25/26,,,,1109212,Nadwiślan Kraków,389900,KS Clepardia Kraków,1,3
14970558,football,notstarted,2025-11-03,1762192843000,24831,U17 Pernambucano,1694,Brazil Amateur,83627.0,U17 Pernambucano 2025,,,,1073353,Tubarões-PE U17,481355,Sport Recife U17,0,0
14469242,football,finished,2025-11-03,1762193700000,463,AFC Champions League Elite,1467,Asia,77010.0,AFC Champions League Elite 25/26,Thani bin Jassim Stadium,Al Rayyan,Qatar,34312,Al-Gharafa,21895,Al-Hilal,1,2
13701627,football,finished,2025-11-03,1762193700000,23551,4th Division - Rogaland,94,Norway Amateur,74120.0,4th Division - Rogaland 2025,,,,7334,Bryne FK II,924878,Ganddal IL,4,0
14972330,football,finished,2025-11-03,1762194000000,25492,Baller League UK,1,England,84656.0,Season 2,,,,1138385,FC Rukkas,1080586,VZN FC,3,6
14633574,football,finished,2025-11-03,1762194600000,266,Israeli Premier League,66,Israel,77635.0,Premier League 25/26,,,,5204,Beitar Jerusalem,5202,Hapoel Be'er Sheva,0,1
14054783,football,finished,2025-11-03,1762194600000,152,Romanian Super Liga,77,Romania,77312.0,Superliga 25/26,Stadionul Ilie Oană,Ploiesti,Romania,25856,FC Petrolul Ploieşti,24798,FC Botoșani,0,0
14175410,football,finished,2025-11-03,1762194600000,1347,Primera B Metropolitana,48,Argentina,70605.0,Primera B 2025,,,,184969,Sacachispas,270405,CS Dock Sud,1,0
14649976,football,finished,2025-11-03,1762194600000,23424,Liga veterana Istarske županije - Sjever,1578,Croatia Amateur,82389.0,Liga veterana Istarske županije - Sjever 25/26,,,,831509,NK Jadran Poreč - Veterani,1126109,Vrsar - Veterani,3,1
14975327,football,finished,2025-11-03,1762194600000,11386,Primera C Metropolitana,48,Argentina,71283.0,Primera C 2025,,,,200658,Sportivo Barracas,265447,Ituzaingó,0,1
14979952,football,notstarted,2025-11-03,1762194600000,20348,"Paraense, Série A3",13,Brazil,83005.0,"Paraense, Série A3 2025",Estádio Lúcio Antunes,Bom Jesus do Tocantins,Brazil,480357,Gavião Kyikatejê,480361,Sport Club Belém,0,0
14983554,football,notstarted,2025-11-03,1762194600000,27836,Tercera de Ascenso Santa Cruz,379,Bolivia,78015.0,2025,,,,1106695,Deportivo Peloteros,1106703,Pasta de Campeones,0,0
14967310,football,finished,2025-11-03,1762194654000,30533,Power Off League,1600,Italy Amateur,85326.0,25/26,,,,1139872,Galletti,1139880,Sureños,1,5
14814803,football,notstarted,2025-11-03,1762195500000,24342,U15 Paulista Cup,1694,Brazil Amateur,82731.0,U15 Paulista Cup 2025,,,,526107,Colorado Caieiras U15,1040795,Assisense U15,0,0
14999954,football,finished,2025-11-03,1762195500000,2290,Liga Bet South A,66,Israel,,,,,,371739,Hapoel Bnei Ashdod,1134042,FC Sderot,0,1
14778829,football,finished,2025-11-03,1762195800000,25864,Pozitif Lig,254,Turkey Amateur,82391.0,2025 II,,,,1126808,Mermi City,1085103,Evimspor,1,1
14056532,football,finished,2025-11-03,1762196400000,131,Eerste Divisie,35,Netherlands,77156.0,Eerste Divisie 25/26,,,,46161,Jong AZ Alkmaar,2994,FC Eindhoven,0,2
14056535,football,finished,2025-11-03,1762196400000,131,Eerste Divisie,35,Netherlands,77156.0,Eerste Divisie 25/26,,,,46168,Jong PSV Eindhoven,2961,Willem II Tilburg,2,1
14115421,football,postponed,2025-11-03,1762196400000,11536,"Primera A, Finalización",274,Colombia,77825.0,"Primera A, Clausura 2025",Estadio Nemesio Camacho El Campin,Bogota,Colombia,6116,Independiente Santa Fe,6112,Deportivo Cali,0,0
14950606,football,finished,2025-11-03,1762196400000,131,Eerste Divisie,35,Netherlands,77156.0,Eerste Divisie 25/26,,,,2973,FC Dordrecht,2990,Almere City FC,0,1
14345812,football,finished,2025-11-03,1762196400000,22453,3. Liga AFV,1693,Switzerland Amateur,79471.0,3. Liga AFV 25/26,,,,518545,FC Küttigen 2,452411,FC Menzo Reinach,0,2
14396982,football,finished,2025-11-03,1762196400000,1129,"Premier League 2, Division 1",252,England Amateur,79888.0,U21 Premier League 2 25/26,,,,36551,Wolverhampton U21,36552,West Ham U21,1,1
14440351,football,finished,2025-11-03,1762196400000,26421,Kreisliga D Darmstadt,122,Germany Amateur,78513.0,Kreisliga D Darmstadt 25/26,,,,1090223,SV Erzhausen III,1108537,1. FCA 04 Darmstadt III,1,3
14131790,football,finished,2025-11-03,1762196400000,1339,NB II,11,Hungary,77728.0,NB II 25/26,,,,1919,Vasas,1926,Videoton FC Fehérvár,2,0
14929411,football,finished,2025-11-03,1762196400000,16736,División Profesional,379,Bolivia,73577.0,Division Profesional 2025,,,,33820,Oriente Petrolero,47701,Guabirá,4,0
14786430,football,finished,2025-11-03,1762196400000,1129,"Premier League 2, Division 1",252,England Amateur,79888.0,U21 Premier League 2 25/26,,,,324738,Nottingham Forest U21,36546,Sunderland U21,2,0
14900158,football,finished,2025-11-03,1762196400000,841,Algerian Ligue 1,304,Algeria,79568.0,Ligue 1 25/26,,,,42204,MC Alger,79565,JS Saoura,1,0
14913038,football,finished,2025-11-03,1762196400000,29061,Futbolig Açılış Sezonu,254,Turkey Amateur,81563.0,2025,,,,1125144,İstanbul Hukuk Baro FT,1125010,Olympus FC,2,3
14944068,football,finished,2025-11-03,1762196400000,27221,Pozitiflig Güney,254,Turkey Amateur,84791.0,25/26,,,,1099334,Başakbahçe FC,1137207,Boys Of Gümrük,4,4
14972513,football,finished,2025-11-03,1762196400000,22722,Kings League Italy,1600,Italy Amateur,84728.0,Kings Cup 25/26,,,,940327,Zebras FC,940325,TRM FC,2,6
14977988,football,finished,2025-11-03,1762196400000,25182,"Tercera Division, Reserves",57,Uruguay,72514.0,"Tercera Division, Reserves 2025",,,,1077870,Club Oriental de Football Reserve,195803,River Plate Reserve,1,2
14978006,football,finished,2025-11-03,1762196400000,25182,"Tercera Division, Reserves",57,Uruguay,72514.0,"Tercera Division, Reserves 2025",,,,205679,Liverpool UY Reserve,196043,Danubio Reserve,1,1
14977995,football,finished,2025-11-03,1762196400000,25182,"Tercera Division, Reserves",57,Uruguay,72514.0,"Tercera Division, Reserves 2025",,,,1077485,Miramar Misiones Reserve,195801,Montevideo Wanderers Reserve,0,0
14977991,football,finished,2025-11-03,1762196400000,25182,"Tercera Division, Reserves",57,Uruguay,72514.0,"Tercera Division, Reserves 2025",,,,277234,Montevideo City Torque Reserve,195805,Racing Club Reserve,2,1
14978002,football,finished,2025-11-03,1762196400000,25182,"Tercera Division, Reserves",57,Uruguay,72514.0,"Tercera Division, Reserves 2025",,,,196364,Peñarol Reserve,195800,Juventud de Las Piedras Reserve,1,1
14983864,football,finished,2025-11-03,1762196400000,18944,"NCAA Regular Season, Women",26,USA,79467.0,"NCAA Regular Season, Women 2025",,,,422567,Tulsa Golden Hurricane,422388,Rice Owls,0,1
15001491,football,notstarted,2025-11-03,1762196430000,30371,Vlaanderen - Regionale Reserve D,1620,Belgium Amateur,85025.0,25/26,,,,549535,K. Berg En Dal V.V.,200023,KVK Wellen,0,0
14974013,football,notstarted,2025-11-03,1762196443000,23077,5. Liga SOFV,1693,Switzerland Amateur,76900.0,5. Liga SOFV 25/26,,,,556188,FC Wangen an der Aare II,556176,SC Derendingen II,0,0
14972331,football,finished,2025-11-03,1762197300000,25492,Baller League UK,1,England,84656.0,Season 2,,,,1080579,26ers,1080583,N5 FC,3,4
14967313,football,finished,2025-11-03,1762197654000,30533,Power Off League,1600,Italy Amateur,85326.0,25/26,,,,1139871,SouthSide FC,1139873,Masseria Vero,1,1
14083323,football,finished,2025-11-03,1762198200000,54,LaLiga 2,32,Spain,77558.0,LaLiga 2 25/26,José Zorrilla,Valladolid,Spain,2831,Real Valladolid,33779,Granada,2,1
14910471,football,finished,2025-11-03,1762198200000,19,FA Cup,1,England,82557.0,FA Cup 25/26,,,,102,Tamworth,83,Leyton Orient,0,1
13981865,football,finished,2025-11-03,1762198200000,202,Ekstraklasa,47,Poland,76477.0,Ekstraklasa 25/26,Marshal Jozef Pilsudski Stadium,Krakow,Poland,4901,Cracovia,3113,Zagłębie Lubin,0,0
14302604,football,finished,2025-11-03,1762198200000,11445,"Serie C, Girone A",31,Italy,79377.0,"Serie C, Group A 25/26",,,,549599,Ospitaletto Franciacorta,391723,Dolomiti Bellunesi,3,1
14302988,football,finished,2025-11-03,1762198200000,11447,"Serie C, Girone B",31,Italy,79378.0,"Serie C, Group B 25/26",,,,2754,Vis Pesaro,294884,Juventus Next Gen U23,1,0
14302598,football,finished,2025-11-03,1762198200000,11445,"Serie C, Girone A",31,Italy,79377.0,"Serie C, Group A 25/26",,,,2732,AlbinoLeffe,1110631,Inter U23,1,3
14302599,football,finished,2025-11-03,1762198200000,11445,"Serie C, Girone A",31,Italy,79377.0,"Serie C, Group A 25/26",,,,380181,Alcione Milano,2746,Aurora Pro Patria,2,0
14822524,football,finished,2025-11-03,1762198200000,22224,4a. Lega FTC,1693,Switzerland Amateur,77580.0,4a. Lega FTC 25/26,,,,512357,FC Stabio 2,467595,FC Insubrica,1,2
14948360,football,finished,2025-11-03,1762198200000,29262,Promozione Umbria Girone A,1600,Italy Amateur,82195.0,25/26,,,,1125381,A.C.D. Montone,1125377,A.S.D. F.C. Umbertide Agape,1,1
14975927,football,finished,2025-11-03,1762198200000,18944,"NCAA Regular Season, Women",26,USA,79467.0,"NCAA Regular Season, Women 2025",,,,422298,Old Dominion Lady Monarchs,422527,Georgia State Panthers,4,0
13981515,football,finished,2025-11-03,1762199100000,23,Serie A,31,Italy,76457.0,Serie A 25/26,Stadio Olimpico,Rome,Italy,2699,Lazio,2719,Cagliari,2,0
14607178,football,finished,2025-11-03,1762199100000,182,Ligue 2,7,France,77357.0,Ligue 2 25/26,Nouste Camp,Bizanos,France,1685,Pau FC,1652,Troyes,1,1
14069555,football,finished,2025-11-03,1762199100000,155,Liga Profesional de Fútbol,48,Argentina,77826.0,Torneo Clausura,Estadio Norberto Tomaghello,Gobernador Julio A. Costa,Argentina,36839,Defensa y Justicia,7629,Huracán,1,3
14069564,football,finished,2025-11-03,1762199100000,155,Liga Profesional de Fútbol,48,Argentina,77826.0,Torneo Clausura,Estadio Ciudad de Vicente Lopez,Florida,Argentina,36837,Platense,42338,Sarmiento,1,1
14413189,football,notstarted,2025-11-03,1762199100000,23276,NIFL Reserve League,130,Northern Ireland,80262.0,25/26,,,,1116170,Bangor Reserve,251005,Linfield Swifts Reserves,0,0
14413194,football,finished,2025-11-03,1762199100000,23276,NIFL Reserve League,130,Northern Ireland,80262.0,25/26,,,,295398,Dungannon Swifts Reserves,392084,Portadown Reserves FC,2,2
14413196,football,finished,2025-11-03,1762199100000,23276,NIFL Reserve League,130,Northern Ireland,80262.0,25/26,,,,274330,Glentoran Reserve,270291,Carrick Rangers Reserves,6,2
14699548,football,finished,2025-11-03,1762199100000,21076,Cherry Red Records Combined Counties - Premier Division South,252,England Amateur,77529.0,Cherry Red Records Combined Counties - Premier Division South 25/26,,,,328550,Sutton Common Rovers,47168,Redhill,0,1
14796319,football,finished,2025-11-03,1762199100000,28269,North West Counties Premier Division,252,England Amateur,79180.0,25/26,Stockport Sports Village,Stockport,England,421137,Stockport Town FC,7758,Burscough FC,1,3
14868438,football,finished,2025-11-03,1762199100000,28285,North West Counties First Division North,252,England Amateur,79286.0,25/26,New Sirs,Bolton,United Kingdom,291902,Daisy Hill FC,200645,Colne FC,3,1
14993773,football,finished,2025-11-03,1762199100000,23298,"Southern Football League, Division One Central",252,England Amateur,78600.0,"Southern Football League, Division One Central 25/26",,,,328546,Biggleswade FC,549046,London Lions FC,2,2
14965492,football,notstarted,2025-11-03,1762199148000,28163,Combined Counties League Division One,252,England Amateur,79009.0,25/26,,,,852988,Rising Ballers Kensington,206425,Molesey,0,0
14965493,football,notstarted,2025-11-03,1762199148000,28163,Combined Counties League Division One,252,England Amateur,79009.0,25/26,,,,226817,Sandhurst Town,388958,Wembley FC,0,0
14778834,football,finished,2025-11-03,1762199400000,25864,Pozitif Lig,254,Turkey Amateur,82391.0,2025 II,,,,1085167,FC Goat,1085165,Joga Bonito,2,3
14083104,football,finished,2025-11-03,1762200000000,8,LaLiga,32,Spain,77559.0,LaLiga 25/26,Carlos Tartiere,Oviedo,Spain,2851,Real Oviedo,2820,Osasuna,0,0
14723615,football,finished,2025-11-03,1762200000000,17,Premier League,1,England,76986.0,Premier League 25/26,Stadium of Light,Sunderland,England,41,Sunderland,48,Everton,1,1
14132158,football,finished,2025-11-03,1762200000000,239,Liga Portugal 2,44,Portugal,77801.0,Liga Portugal 2 25/26,Estádio Dr. Magalhães Pessoa,Leiria,Portugal,3000,União de Leiria,3025,Chaves,2,1
14413191,football,finished,2025-11-03,1762200000000,23276,NIFL Reserve League,130,Northern Ireland,80262.0,25/26,,,,300819,Cliftonville Olympic Reserve,221524,Glenavon Reserves,1,1
14413199,football,finished,2025-11-03,1762200000000,23276,NIFL Reserve League,130,Northern Ireland,80262.0,25/26,,,,327764,Larne Olympic Reserves,306340,Crusaders FC Reserve,6,3
14913039,football,finished,2025-11-03,1762200000000,29061,Futbolig Açılış Sezonu,254,Turkey Amateur,81563.0,2025,,,,1125019,Los Galaxy,1136974,İstanbul Real Goats,2,0
14931702,football,finished,2025-11-03,1762200000000,25244,Kings League Brazil,1694,Brazil Amateur,84735.0,Kings Cup 25/26,,,,1077929,FC Real Elite,1077931,Funkbol Clube,3,6
14944069,football,finished,2025-11-03,1762200000000,27221,Pozitiflig Güney,254,Turkey Amateur,84791.0,25/26,,,,1137203,Ataköyspor,1137210,Real Drivers,1,4
14972514,football,finished,2025-11-03,1762200000000,22722,Kings League Italy,1600,Italy Amateur,84728.0,Kings Cup 25/26,,,,518330,Stallions,1137073,D-Power,5,2
15000001,football,notstarted,2025-11-03,1762200000000,29340,Primera A Villa Montes,379,Bolivia,82321.0,2025,,,,1125633,CD Universitario MVZ,1125636,Atlético Unión,0,0
15001758,football,notstarted,2025-11-03,1762200000000,23276,NIFL Reserve League,130,Northern Ireland,80262.0,25/26,,,,338266,Coleraine Reserves,303494,Ballymena United Reserve,0,0
15001895,football,finished,2025-11-03,1762200000000,27398,Primera B Beni,379,Bolivia,78568.0,Primera B Beni 2025,,,,1100203,Millonario FC,1100199,Amazónico FC,0,3
14967314,football,finished,2025-11-03,1762200654000,30533,Power Off League,1600,Italy Amateur,85326.0,25/26,,,,1139878,Seven Hills FC,1139866,Aston Birra,3,3
14972332,football,finished,2025-11-03,1762201800000,25492,Baller League UK,1,England,84656.0,Season 2,,,,1138384,NDL FC,1080576,Deportrio,7,5
14131947,football,finished,2025-11-03,1762202700000,238,Liga Portugal Betclic,44,Portugal,77806.0,Liga Portugal 25/26,Estádio Cidade de Barcelos,Barcelos,Portugal,3010,Gil Vicente,3011,Santa Clara,1,0
